trade_date,front_instrument_id,front_expiry,front_close,front_volume,front_oi,next_instrument_id,next_expiry,next_close,next_oi
2024-01-01,legacy:BANKNIFTY:FUTIDX:2024-01-25,2024-01-25,48535.7,120422,2052195,legacy:BANKNIFTY:FUTIDX:2024-02-29,2024-02-29,48860.8,171855
2024-01-02,legacy:BANKNIFTY:FUTIDX:2024-01-25,2024-01-25,47946.65,178046,2283615,legacy:BANKNIFTY:FUTIDX:2024-02-29,2024-02-29,48306.2,180825
2024-01-03,legacy:BANKNIFTY:FUTIDX:2024-01-25,2024-01-25,47931.95,172345,1998315,legacy:BANKNIFTY:FUTIDX:2024-02-29,2024-02-29,48270.9,190350
2024-01-04,legacy:BANKNIFTY:FUTIDX:2024-01-25,2024-01-25,48501.75,154623,2046465,legacy:BANKNIFTY:FUTIDX:2024-02-29,2024-02-29,48813.7,204540
2024-01-05,legacy:BANKNIFTY:FUTIDX:2024-01-25,2024-01-25,48388.45,176646,1900095,legacy:BANKNIFTY:FUTIDX:2024-02-29,2024-02-29,48718.3,203865
2024-01-08,legacy:BANKNIFTY:FUTIDX:2024-01-25,2024-01-25,47621.85,192242,2363010,legacy:BANKNIFTY:FUTIDX:2024-02-29,2024-02-29,47966.15,197445
2024-01-09,legacy:BANKNIFTY:FUTIDX:2024-01-25,2024-01-25,47391.5,196049,2262480,legacy:BANKNIFTY:FUTIDX:2024-02-29,2024-02-29,47735.6,200085
2024-01-10,legacy:BANKNIFTY:FUTIDX:2024-01-25,2024-01-25,47606.85,152100,2185575,legacy:BANKNIFTY:FUTIDX:2024-02-29,2024-02-29,47938.1,200820
2024-01-11,legacy:BANKNIFTY:FUTIDX:2024-01-25,2024-01-25,47573.7,112409,2275950,legacy:BANKNIFTY:FUTIDX:2024-02-29,2024-02-29,47912.9,202995
2024-01-12,legacy:BANKNIFTY:FUTIDX:2024-01-25,2024-01-25,47840.15,155583,2013795,legacy:BANKNIFTY:FUTIDX:2024-02-29,2024-02-29,48170.2,202545
2024-01-15,legacy:BANKNIFTY:FUTIDX:2024-01-25,2024-01-25,48306.25,131903,2027040,legacy:BANKNIFTY:FUTIDX:2024-02-29,2024-02-29,48643.15,219660
2024-01-16,legacy:BANKNIFTY:FUTIDX:2024-01-25,2024-01-25,48224.95,132841,2017230,legacy:BANKNIFTY:FUTIDX:2024-02-29,2024-02-29,48558.05,234435
2024-01-17,legacy:BANKNIFTY:FUTIDX:2024-01-25,2024-01-25,46159.25,396435,2415600,legacy:BANKNIFTY:FUTIDX:2024-02-29,2024-02-29,46557.9,499785
2024-01-18,legacy:BANKNIFTY:FUTIDX:2024-01-25,2024-01-25,45869.25,266916,2209785,legacy:BANKNIFTY:FUTIDX:2024-02-29,2024-02-29,46256.8,664080
2024-01-19,legacy:BANKNIFTY:FUTIDX:2024-01-25,2024-01-25,45797.2,210245,2174565,legacy:BANKNIFTY:FUTIDX:2024-02-29,2024-02-29,46181.6,785040
2024-01-23,legacy:BANKNIFTY:FUTIDX:2024-01-25,2024-01-25,44913.05,247350,1917900,legacy:BANKNIFTY:FUTIDX:2024-02-29,2024-02-29,45313.6,1309545
2024-01-24,legacy:BANKNIFTY:FUTIDX:2024-01-25,2024-01-25,45152.85,305763,1584030,legacy:BANKNIFTY:FUTIDX:2024-02-29,2024-02-29,45562.15,1954995
2024-01-25,legacy:BANKNIFTY:FUTIDX:2024-01-25,2024-01-25,44773.5,187405,1098090,legacy:BANKNIFTY:FUTIDX:2024-02-29,2024-02-29,45291.65,3526710
2024-01-29,legacy:BANKNIFTY:FUTIDX:2024-02-29,2024-02-29,45735.05,277800,3305970,legacy:BANKNIFTY:FUTIDX:2024-03-28,2024-03-28,46097.7,166635
2024-01-30,legacy:BANKNIFTY:FUTIDX:2024-02-29,2024-02-29,45671.25,167095,3294675,legacy:BANKNIFTY:FUTIDX:2024-03-28,2024-03-28,46006.1,180195
2024-01-31,legacy:BANKNIFTY:FUTIDX:2024-02-29,2024-02-29,46324.25,259659,3101130,legacy:BANKNIFTY:FUTIDX:2024-03-28,2024-03-28,46636.9,171870
2024-02-01,legacy:BANKNIFTY:FUTIDX:2024-02-29,2024-02-29,46437.15,275867,3046065,legacy:BANKNIFTY:FUTIDX:2024-03-28,2024-03-28,46775.65,176205
2024-02-02,legacy:BANKNIFTY:FUTIDX:2024-02-29,2024-02-29,46236.65,293481,2845860,legacy:BANKNIFTY:FUTIDX:2024-03-28,2024-03-28,46559.75,196875
2024-02-05,legacy:BANKNIFTY:FUTIDX:2024-02-29,2024-02-29,46040.4,195621,2784690,legacy:BANKNIFTY:FUTIDX:2024-03-28,2024-03-28,46364.7,207915
2024-02-06,legacy:BANKNIFTY:FUTIDX:2024-02-29,2024-02-29,45971.0,168763,3003990,legacy:BANKNIFTY:FUTIDX:2024-03-28,2024-03-28,46316.5,212010
2024-02-07,legacy:BANKNIFTY:FUTIDX:2024-02-29,2024-02-29,46131.9,180645,3185895,legacy:BANKNIFTY:FUTIDX:2024-03-28,2024-03-28,46502.75,216675
2024-02-08,legacy:BANKNIFTY:FUTIDX:2024-02-29,2024-02-29,45212.45,270571,3311475,legacy:BANKNIFTY:FUTIDX:2024-03-28,2024-03-28,45569.15,251145
2024-02-09,legacy:BANKNIFTY:FUTIDX:2024-02-29,2024-02-29,45899.55,219945,3116940,legacy:BANKNIFTY:FUTIDX:2024-03-28,2024-03-28,46237.45,249615
2024-02-12,legacy:BANKNIFTY:FUTIDX:2024-02-29,2024-02-29,45090.85,222753,3223110,legacy:BANKNIFTY:FUTIDX:2024-03-28,2024-03-28,45433.6,306930
2024-02-13,legacy:BANKNIFTY:FUTIDX:2024-02-29,2024-02-29,45732.5,298779,3312855,legacy:BANKNIFTY:FUTIDX:2024-03-28,2024-03-28,46033.85,285870
2024-02-14,legacy:BANKNIFTY:FUTIDX:2024-02-29,2024-02-29,46089.95,383806,3119565,legacy:BANKNIFTY:FUTIDX:2024-03-28,2024-03-28,46421.85,283560
2024-02-15,legacy:BANKNIFTY:FUTIDX:2024-02-29,2024-02-29,46385.05,218899,2822010,legacy:BANKNIFTY:FUTIDX:2024-03-28,2024-03-28,46693.45,298200
2024-02-16,legacy:BANKNIFTY:FUTIDX:2024-02-29,2024-02-29,46503.4,173764,2814450,legacy:BANKNIFTY:FUTIDX:2024-03-28,2024-03-28,46805.45,318975
2024-02-19,legacy:BANKNIFTY:FUTIDX:2024-02-29,2024-02-29,46638.9,153019,2705055,legacy:BANKNIFTY:FUTIDX:2024-03-28,2024-03-28,46948.1,310695
2024-02-20,legacy:BANKNIFTY:FUTIDX:2024-02-29,2024-02-29,47188.0,192399,2697285,legacy:BANKNIFTY:FUTIDX:2024-03-28,2024-03-28,47518.75,367245
2024-02-21,legacy:BANKNIFTY:FUTIDX:2024-02-29,2024-02-29,47024.85,223046,2684565,legacy:BANKNIFTY:FUTIDX:2024-03-28,2024-03-28,47357.1,486870
2024-02-22,legacy:BANKNIFTY:FUTIDX:2024-02-29,2024-02-29,46980.3,215873,2353590,legacy:BANKNIFTY:FUTIDX:2024-03-28,2024-03-28,47324.8,579615
2024-02-23,legacy:BANKNIFTY:FUTIDX:2024-02-29,2024-02-29,46842.65,203661,2263185,legacy:BANKNIFTY:FUTIDX:2024-03-28,2024-03-28,47192.05,715635
2024-02-26,legacy:BANKNIFTY:FUTIDX:2024-02-29,2024-02-29,46607.7,164799,1989375,legacy:BANKNIFTY:FUTIDX:2024-03-28,2024-03-28,46950.8,1067370
2024-02-27,legacy:BANKNIFTY:FUTIDX:2024-02-29,2024-02-29,46587.2,155766,1826475,legacy:BANKNIFTY:FUTIDX:2024-03-28,2024-03-28,46927.05,1324575
2024-02-28,legacy:BANKNIFTY:FUTIDX:2024-02-29,2024-02-29,45852.25,232460,1335870,legacy:BANKNIFTY:FUTIDX:2024-03-28,2024-03-28,46222.95,1824105
2024-02-29,legacy:BANKNIFTY:FUTIDX:2024-02-29,2024-02-29,46085.65,177807,892050,legacy:BANKNIFTY:FUTIDX:2024-03-28,2024-03-28,46546.7,2440710
2024-03-01,legacy:BANKNIFTY:FUTIDX:2024-03-27,2024-03-27,47578.0,234197,2304825,legacy:BANKNIFTY:FUTIDX:2024-04-24,2024-04-24,47874.45,695550
2024-03-04,legacy:BANKNIFTY:FUTIDX:2024-03-27,2024-03-27,47691.25,138974,2279940,legacy:BANKNIFTY:FUTIDX:2024-04-24,2024-04-24,48004.9,1023630
2024-03-05,legacy:BANKNIFTY:FUTIDX:2024-03-27,2024-03-27,47909.05,155486,2490360,legacy:BANKNIFTY:FUTIDX:2024-04-24,2024-04-24,48244.15,1242900
2024-03-06,legacy:BANKNIFTY:FUTIDX:2024-03-27,2024-03-27,48117.45,259529,2234190,legacy:BANKNIFTY:FUTIDX:2024-04-24,2024-04-24,48463.5,1336230
2024-03-07,legacy:BANKNIFTY:FUTIDX:2024-03-27,2024-03-27,47958.3,139746,1968270,legacy:BANKNIFTY:FUTIDX:2024-04-24,2024-04-24,48315.65,1435590
2024-03-11,legacy:BANKNIFTY:FUTIDX:2024-03-27,2024-03-27,47489.85,154562,1934970,legacy:BANKNIFTY:FUTIDX:2024-04-24,2024-04-24,47847.35,1597485
2024-03-12,legacy:BANKNIFTY:FUTIDX:2024-03-27,2024-03-27,47527.25,257217,1954170,legacy:BANKNIFTY:FUTIDX:2024-04-24,2024-04-24,47857.7,1709475
2024-03-13,legacy:BANKNIFTY:FUTIDX:2024-03-27,2024-03-27,47081.35,206594,1927920,legacy:BANKNIFTY:FUTIDX:2024-04-24,2024-04-24,47495.9,1772400
2024-03-14,legacy:BANKNIFTY:FUTIDX:2024-03-27,2024-03-27,46996.15,176943,1966500,legacy:BANKNIFTY:FUTIDX:2024-04-24,2024-04-24,47383.25,1797330
2024-03-15,legacy:BANKNIFTY:FUTIDX:2024-03-27,2024-03-27,46694.7,184947,1961205,legacy:BANKNIFTY:FUTIDX:2024-04-24,2024-04-24,47085.45,1842930
2024-03-18,legacy:BANKNIFTY:FUTIDX:2024-03-27,2024-03-27,46741.6,158501,1924815,legacy:BANKNIFTY:FUTIDX:2024-04-24,2024-04-24,47132.0,1866090
2024-03-19,legacy:BANKNIFTY:FUTIDX:2024-03-27,2024-03-27,46449.05,124563,1937265,legacy:BANKNIFTY:FUTIDX:2024-04-24,2024-04-24,46827.8,1905585
2024-03-20,legacy:BANKNIFTY:FUTIDX:2024-03-27,2024-03-27,46449.05,231533,1947030,legacy:BANKNIFTY:FUTIDX:2024-04-24,2024-04-24,46861.55,1964295
2024-03-21,legacy:BANKNIFTY:FUTIDX:2024-03-27,2024-03-27,46794.65,165133,1924515,legacy:BANKNIFTY:FUTIDX:2024-04-24,2024-04-24,47212.65,2043840
2024-03-22,legacy:BANKNIFTY:FUTIDX:2024-03-27,2024-03-27,46929.0,139439,1741140,legacy:BANKNIFTY:FUTIDX:2024-04-24,2024-04-24,47324.25,2081175
2024-03-26,legacy:BANKNIFTY:FUTIDX:2024-03-27,2024-03-27,46717.55,114475,1364850,legacy:BANKNIFTY:FUTIDX:2024-04-24,2024-04-24,47135.0,2509575
2024-03-27,legacy:BANKNIFTY:FUTIDX:2024-03-27,2024-03-27,46761.15,140370,730485,legacy:BANKNIFTY:FUTIDX:2024-04-24,2024-04-24,47224.25,3193950
2024-03-28,legacy:BANKNIFTY:FUTIDX:2024-04-24,2024-04-24,47545.15,203004,3246120,legacy:BANKNIFTY:FUTIDX:2024-05-29,2024-05-29,47850.55,1748220
2024-04-01,legacy:BANKNIFTY:FUTIDX:2024-04-24,2024-04-24,47913.7,197074,1897890,legacy:BANKNIFTY:FUTIDX:2024-05-29,2024-05-29,48168.5,464955
2024-04-02,legacy:BANKNIFTY:FUTIDX:2024-04-24,2024-04-24,47892.9,106848,1950870,legacy:BANKNIFTY:FUTIDX:2024-05-29,2024-05-29,48188.95,439320
2024-04-03,legacy:BANKNIFTY:FUTIDX:2024-04-24,2024-04-24,47912.3,124510,2050095,legacy:BANKNIFTY:FUTIDX:2024-05-29,2024-05-29,48179.05,435600
2024-04-04,legacy:BANKNIFTY:FUTIDX:2024-04-24,2024-04-24,48199.1,169035,1816635,legacy:BANKNIFTY:FUTIDX:2024-05-29,2024-05-29,48458.8,370875
2024-04-05,legacy:BANKNIFTY:FUTIDX:2024-04-24,2024-04-24,48658.1,152874,2072010,legacy:BANKNIFTY:FUTIDX:2024-05-29,2024-05-29,48869.45,394065
2024-04-08,legacy:BANKNIFTY:FUTIDX:2024-04-24,2024-04-24,48691.15,94123,1988685,legacy:BANKNIFTY:FUTIDX:2024-05-29,2024-05-29,48915.25,384675
2024-04-09,legacy:BANKNIFTY:FUTIDX:2024-04-24,2024-04-24,48799.85,128733,1956345,legacy:BANKNIFTY:FUTIDX:2024-05-29,2024-05-29,49020.65,404655
2024-04-10,legacy:BANKNIFTY:FUTIDX:2024-04-24,2024-04-24,49019.05,126078,2143965,legacy:BANKNIFTY:FUTIDX:2024-05-29,2024-05-29,49222.3,425970
2024-04-12,legacy:BANKNIFTY:FUTIDX:2024-04-24,2024-04-24,48714.1,119287,1954440,legacy:BANKNIFTY:FUTIDX:2024-05-29,2024-05-29,48946.95,432495
2024-04-15,legacy:BANKNIFTY:FUTIDX:2024-04-24,2024-04-24,47851.15,154679,1850535,legacy:BANKNIFTY:FUTIDX:2024-05-29,2024-05-29,48148.25,403560
2024-04-16,legacy:BANKNIFTY:FUTIDX:2024-04-24,2024-04-24,47660.95,122845,1830375,legacy:BANKNIFTY:FUTIDX:2024-05-29,2024-05-29,47944.95,437430
2024-04-18,legacy:BANKNIFTY:FUTIDX:2024-04-24,2024-04-24,47175.05,183174,1882215,legacy:BANKNIFTY:FUTIDX:2024-05-29,2024-05-29,47472.7,494010
2024-04-19,legacy:BANKNIFTY:FUTIDX:2024-04-24,2024-04-24,47575.6,183811,1649445,legacy:BANKNIFTY:FUTIDX:2024-05-29,2024-05-29,47831.15,611670
2024-04-22,legacy:BANKNIFTY:FUTIDX:2024-04-24,2024-04-24,47989.1,152561,1391025,legacy:BANKNIFTY:FUTIDX:2024-05-29,2024-05-29,48138.35,849225
2024-04-23,legacy:BANKNIFTY:FUTIDX:2024-04-24,2024-04-24,47991.65,101520,992805,legacy:BANKNIFTY:FUTIDX:2024-05-29,2024-05-29,48124.75,1162155
2024-04-24,legacy:BANKNIFTY:FUTIDX:2024-04-24,2024-04-24,48190.95,104382,599580,legacy:BANKNIFTY:FUTIDX:2024-05-29,2024-05-29,48350.3,1618305
2024-04-25,legacy:BANKNIFTY:FUTIDX:2024-05-29,2024-05-29,48632.4,146912,1859505,legacy:BANKNIFTY:FUTIDX:2024-06-26,2024-06-26,48839.75,199230
2024-04-26,legacy:BANKNIFTY:FUTIDX:2024-05-29,2024-05-29,48379.85,121624,1746300,legacy:BANKNIFTY:FUTIDX:2024-06-26,2024-06-26,48616.6,216570
2024-04-29,legacy:BANKNIFTY:FUTIDX:2024-05-29,2024-05-29,49549.75,219586,2174640,legacy:BANKNIFTY:FUTIDX:2024-06-26,2024-06-26,49742.75,277695
2024-04-30,legacy:BANKNIFTY:FUTIDX:2024-05-29,2024-05-29,49450.55,229772,2275935,legacy:BANKNIFTY:FUTIDX:2024-06-26,2024-06-26,49644.45,290835
2024-05-02,legacy:BANKNIFTY:FUTIDX:2024-05-29,2024-05-29,49388.35,111256,2183625,legacy:BANKNIFTY:FUTIDX:2024-06-26,2024-06-26,49592.8,297885
2024-05-03,legacy:BANKNIFTY:FUTIDX:2024-05-29,2024-05-29,49094.75,188836,1994235,legacy:BANKNIFTY:FUTIDX:2024-06-26,2024-06-26,49322.3,286500
2024-05-06,legacy:BANKNIFTY:FUTIDX:2024-05-29,2024-05-29,49045.65,149455,2041875,legacy:BANKNIFTY:FUTIDX:2024-06-26,2024-06-26,49275.15,278565
2024-05-07,legacy:BANKNIFTY:FUTIDX:2024-05-29,2024-05-29,48349.05,174936,2183295,legacy:BANKNIFTY:FUTIDX:2024-06-26,2024-06-26,48622.8,260175
2024-05-08,legacy:BANKNIFTY:FUTIDX:2024-05-29,2024-05-29,48175.9,160626,2203545,legacy:BANKNIFTY:FUTIDX:2024-06-26,2024-06-26,48462.95,260535
2024-05-09,legacy:BANKNIFTY:FUTIDX:2024-05-29,2024-05-29,47669.2,163792,2397975,legacy:BANKNIFTY:FUTIDX:2024-06-26,2024-06-26,47953.15,287385
2024-05-10,legacy:BANKNIFTY:FUTIDX:2024-05-29,2024-05-29,47607.25,135053,2373555,legacy:BANKNIFTY:FUTIDX:2024-06-26,2024-06-26,47911.8,316530
2024-05-13,legacy:BANKNIFTY:FUTIDX:2024-05-29,2024-05-29,48003.7,189173,2284845,legacy:BANKNIFTY:FUTIDX:2024-06-26,2024-06-26,48296.45,319035
2024-05-14,legacy:BANKNIFTY:FUTIDX:2024-05-29,2024-05-29,48091.65,115093,2344830,legacy:BANKNIFTY:FUTIDX:2024-06-26,2024-06-26,48390.65,322200
2024-05-15,legacy:BANKNIFTY:FUTIDX:2024-05-29,2024-05-29,47908.55,131852,2449620,legacy:BANKNIFTY:FUTIDX:2024-06-26,2024-06-26,48221.65,352515
2024-05-16,legacy:BANKNIFTY:FUTIDX:2024-05-29,2024-05-29,48092.35,220422,2399610,legacy:BANKNIFTY:FUTIDX:2024-06-26,2024-06-26,48390.2,377655
2024-05-17,legacy:BANKNIFTY:FUTIDX:2024-05-29,2024-05-29,48195.1,114950,2410515,legacy:BANKNIFTY:FUTIDX:2024-06-26,2024-06-26,48514.7,398400
2024-05-21,legacy:BANKNIFTY:FUTIDX:2024-05-29,2024-05-29,48153.1,123612,2395755,legacy:BANKNIFTY:FUTIDX:2024-06-26,2024-06-26,48463.4,455340
2024-05-22,legacy:BANKNIFTY:FUTIDX:2024-05-29,2024-05-29,47974.1,239308,2251950,legacy:BANKNIFTY:FUTIDX:2024-06-26,2024-06-26,48299.05,554295
2024-05-23,legacy:BANKNIFTY:FUTIDX:2024-05-29,2024-05-29,48838.65,222373,2175585,legacy:BANKNIFTY:FUTIDX:2024-06-26,2024-06-26,49114.4,620025
2024-05-24,legacy:BANKNIFTY:FUTIDX:2024-05-29,2024-05-29,49045.15,146710,2121990,legacy:BANKNIFTY:FUTIDX:2024-06-26,2024-06-26,49341.95,787830
2024-05-27,legacy:BANKNIFTY:FUTIDX:2024-05-29,2024-05-29,49297.5,158904,1731435,legacy:BANKNIFTY:FUTIDX:2024-06-26,2024-06-26,49593.95,896715
2024-05-28,legacy:BANKNIFTY:FUTIDX:2024-05-29,2024-05-29,49182.8,129177,1382985,legacy:BANKNIFTY:FUTIDX:2024-06-26,2024-06-26,49530.25,1367955
2024-05-29,legacy:BANKNIFTY:FUTIDX:2024-05-29,2024-05-29,48491.35,180597,1104195,legacy:BANKNIFTY:FUTIDX:2024-06-26,2024-06-26,49011.15,2183925
2024-05-30,legacy:BANKNIFTY:FUTIDX:2024-06-26,2024-06-26,49037.4,235085,2447355,legacy:BANKNIFTY:FUTIDX:2024-07-31,2024-07-31,49351.0,126810
2024-05-31,legacy:BANKNIFTY:FUTIDX:2024-06-26,2024-06-26,49352.35,221491,2267760,legacy:BANKNIFTY:FUTIDX:2024-07-31,2024-07-31,49657.1,134550
2024-06-03,legacy:BANKNIFTY:FUTIDX:2024-06-26,2024-06-26,51283.05,290644,2275995,legacy:BANKNIFTY:FUTIDX:2024-07-31,2024-07-31,51561.25,151500
2024-06-04,legacy:BANKNIFTY:FUTIDX:2024-06-26,2024-06-26,47088.55,686297,2472780,legacy:BANKNIFTY:FUTIDX:2024-07-31,2024-07-31,47392.3,221700
2024-06-05,legacy:BANKNIFTY:FUTIDX:2024-06-26,2024-06-26,49117.65,545887,2856570,legacy:BANKNIFTY:FUTIDX:2024-07-31,2024-07-31,49395.05,208980
2024-06-06,legacy:BANKNIFTY:FUTIDX:2024-06-26,2024-06-26,49435.75,235421,2641920,legacy:BANKNIFTY:FUTIDX:2024-07-31,2024-07-31,49701.25,201825
2024-06-07,legacy:BANKNIFTY:FUTIDX:2024-06-26,2024-06-26,49908.95,227677,2650890,legacy:BANKNIFTY:FUTIDX:2024-07-31,2024-07-31,50159.35,218640
2024-06-10,legacy:BANKNIFTY:FUTIDX:2024-06-26,2024-06-26,49732.2,179185,2473845,legacy:BANKNIFTY:FUTIDX:2024-07-31,2024-07-31,49986.2,236085
2024-06-11,legacy:BANKNIFTY:FUTIDX:2024-06-26,2024-06-26,49768.75,149156,2491245,legacy:BANKNIFTY:FUTIDX:2024-07-31,2024-07-31,50030.6,247530
2024-06-12,legacy:BANKNIFTY:FUTIDX:2024-06-26,2024-06-26,49914.95,192343,2358705,legacy:BANKNIFTY:FUTIDX:2024-07-31,2024-07-31,50164.1,271155
2024-06-13,legacy:BANKNIFTY:FUTIDX:2024-06-26,2024-06-26,49912.65,94870,2328120,legacy:BANKNIFTY:FUTIDX:2024-07-31,2024-07-31,50161.2,276360
2024-06-14,legacy:BANKNIFTY:FUTIDX:2024-06-26,2024-06-26,50042.4,113522,2366175,legacy:BANKNIFTY:FUTIDX:2024-07-31,2024-07-31,50297.45,282060
2024-06-18,legacy:BANKNIFTY:FUTIDX:2024-06-26,2024-06-26,50417.35,131694,2458050,legacy:BANKNIFTY:FUTIDX:2024-07-31,2024-07-31,50662.4,312450
2024-06-19,legacy:BANKNIFTY:FUTIDX:2024-06-26,2024-06-26,51353.4,389687,2405985,legacy:BANKNIFTY:FUTIDX:2024-07-31,2024-07-31,51563.0,529365
2024-06-20,legacy:BANKNIFTY:FUTIDX:2024-06-26,2024-06-26,51755.1,159403,2233530,legacy:BANKNIFTY:FUTIDX:2024-07-31,2024-07-31,51904.45,662880
2024-06-21,legacy:BANKNIFTY:FUTIDX:2024-06-26,2024-06-26,51613.35,174265,2040525,legacy:BANKNIFTY:FUTIDX:2024-07-31,2024-07-31,51770.8,657870
2024-06-24,legacy:BANKNIFTY:FUTIDX:2024-06-26,2024-06-26,51751.05,155814,1820790,legacy:BANKNIFTY:FUTIDX:2024-07-31,2024-07-31,51899.75,897885
2024-06-25,legacy:BANKNIFTY:FUTIDX:2024-06-26,2024-06-26,52626.85,169852,1553760,legacy:BANKNIFTY:FUTIDX:2024-07-31,2024-07-31,52675.6,1705980
2024-06-26,legacy:BANKNIFTY:FUTIDX:2024-06-26,2024-06-26,52894.15,147901,1114770,legacy:BANKNIFTY:FUTIDX:2024-07-31,2024-07-31,52877.1,2420430
2024-06-27,legacy:BANKNIFTY:FUTIDX:2024-07-31,2024-07-31,52905.6,150462,2433570,legacy:BANKNIFTY:FUTIDX:2024-08-28,2024-08-28,53061.8,281805
2024-06-28,legacy:BANKNIFTY:FUTIDX:2024-07-31,2024-07-31,52529.7,164350,2452920,legacy:BANKNIFTY:FUTIDX:2024-08-28,2024-08-28,52693.85,273450
2024-07-01,legacy:BANKNIFTY:FUTIDX:2024-07-31,2024-07-31,52709.1,111351,2509425,legacy:BANKNIFTY:FUTIDX:2024-08-28,2024-08-28,52886.6,300495
2024-07-02,legacy:BANKNIFTY:FUTIDX:2024-07-31,2024-07-31,52368.5,167105,2446635,legacy:BANKNIFTY:FUTIDX:2024-08-28,2024-08-28,52561.15,287280
2024-07-03,legacy:BANKNIFTY:FUTIDX:2024-07-31,2024-07-31,53091.65,266617,2782650,legacy:BANKNIFTY:FUTIDX:2024-08-28,2024-08-28,53247.95,319530
2024-07-04,legacy:BANKNIFTY:FUTIDX:2024-07-31,2024-07-31,53166.2,126090,2792835,legacy:BANKNIFTY:FUTIDX:2024-08-28,2024-08-28,53324.6,337710
2024-07-05,legacy:BANKNIFTY:FUTIDX:2024-07-31,2024-07-31,52724.1,177911,2607810,legacy:BANKNIFTY:FUTIDX:2024-08-28,2024-08-28,52919.85,325350
2024-07-08,35165,2024-07-31,52560.5,130740,2586810,35089,2024-08-28,52761.55,331395
2024-07-09,35165,2024-07-31,52615.75,79503,2578005,35089,2024-08-28,52834.15,334500
2024-07-10,35165,2024-07-31,52318.6,157325,2347095,35089,2024-08-28,52531.7,310620
2024-07-11,35165,2024-07-31,52439.45,179297,2178225,35089,2024-08-28,52641.6,284490
2024-07-12,35165,2024-07-31,52366.9,162798,2085855,35089,2024-08-28,52560.35,284400
2024-07-15,35165,2024-07-31,52630.15,139760,2177985,35089,2024-08-28,52792.0,298860
2024-07-16,35165,2024-07-31,52529.05,85953,2084670,35089,2024-08-28,52708.0,300990
2024-07-18,35165,2024-07-31,52670.35,173359,2070405,35089,2024-08-28,52829.9,326100
2024-07-19,35165,2024-07-31,52270.65,147765,1946745,35089,2024-08-28,52459.75,367260
2024-07-22,35165,2024-07-31,52286.55,106225,1796625,35089,2024-08-28,52484.0,419610
2024-07-23,35165,2024-07-31,51818.2,260609,1612470,35089,2024-08-28,52042.45,594765
2024-07-24,35165,2024-07-31,51401.1,249833,1334955,35089,2024-08-28,51596.35,1130940
2024-07-25,35165,2024-07-31,50934.2,112471,1208910,35089,2024-08-28,51165.1,1847235
2024-07-26,35165,2024-07-31,51299.1,135422,1158285,35089,2024-08-28,51512.7,1937655
2024-07-29,35165,2024-07-31,51384.85,192011,984720,35089,2024-08-28,51653.85,1916625
2024-07-30,35165,2024-07-31,51520.3,118698,853245,35089,2024-08-28,51770.55,1933440
2024-07-31,35165,2024-07-31,51527.45,91055,821040,35089,2024-08-28,51815.05,2415720
2024-08-01,35089,2024-08-28,51753.4,114021,2499285,35075,2024-09-25,52056.05,179115
2024-08-02,35089,2024-08-28,51429.3,156717,2615460,35075,2024-09-25,51736.15,180465
2024-08-05,35089,2024-08-28,50215.45,244269,2969010,35075,2024-09-25,50521.1,206625
2024-08-06,35089,2024-08-28,49919.2,174140,3066975,35075,2024-09-25,50237.95,227250
2024-08-07,35089,2024-08-28,50340.7,190090,3061335,35075,2024-09-25,50640.85,240465
2024-08-08,35089,2024-08-28,50205.9,146701,3049140,35075,2024-09-25,50508.7,253530
2024-08-09,35089,2024-08-28,50574.1,115309,2898615,35075,2024-09-25,50874.55,250710
2024-08-12,35089,2024-08-28,50721.0,160763,2814060,35075,2024-09-25,51014.5,265980
2024-08-13,35089,2024-08-28,50052.0,179534,3289785,35075,2024-09-25,50381.9,446880
2024-08-14,35089,2024-08-28,49955.3,106347,3387945,35075,2024-09-25,50280.65,516795
2024-08-16,35089,2024-08-28,50624.4,206762,2950440,35075,2024-09-25,50958.9,580800
2024-08-19,35089,2024-08-28,50485.25,111455,3032130,35075,2024-09-25,50820.35,691080
2024-08-20,35089,2024-08-28,50892.2,151374,2772450,35075,2024-09-25,51206.05,638100
2024-08-21,35089,2024-08-28,50806.95,204077,2719905,35075,2024-09-25,51110.4,763095
2024-08-22,35089,2024-08-28,51037.05,113971,2642490,35075,2024-09-25,51318.1,693345
2024-08-23,35089,2024-08-28,50966.35,89771,2427120,35075,2024-09-25,51239.1,777315
2024-08-26,35089,2024-08-28,51219.15,118471,2215305,35075,2024-09-25,51475.65,1025055
2024-08-27,35089,2024-08-28,51256.2,147583,1674495,35075,2024-09-25,51536.35,1356300
2024-08-28,35089,2024-08-28,51148.0,129101,1133745,35075,2024-09-25,51428.8,2235120
2024-08-29,35075,2024-09-25,51490.75,133160,2396130,35006,2024-10-30,51797.5,154905
2024-08-30,35075,2024-09-25,51663.1,97937,2361285,35006,2024-10-30,51959.15,151065
2024-09-02,35075,2024-09-25,51650.7,103756,2362785,35006,2024-10-30,51949.4,153945
2024-09-03,35075,2024-09-25,51834.1,110967,2360715,35006,2024-10-30,52138.3,162810
2024-09-04,35075,2024-09-25,51607.6,108184,2407365,35006,2024-10-30,51916.6,177465
2024-09-05,35075,2024-09-25,51727.6,58702,2368770,35006,2024-10-30,52029.45,177120
2024-09-06,35075,2024-09-25,50781.4,189018,2516595,35006,2024-10-30,51107.1,244590
2024-09-09,35075,2024-09-25,51267.4,147805,2361120,35006,2024-10-30,51580.25,235830
2024-09-10,35075,2024-09-25,51371.2,112734,2345655,35006,2024-10-30,51668.3,233070
2024-09-11,35075,2024-09-25,51124.0,130391,2463525,35006,2024-10-30,51456.85,243975
2024-09-12,35075,2024-09-25,51759.2,164970,2184960,35006,2024-10-30,52051.3,252705
2024-09-13,35075,2024-09-25,51929.4,109186,2194425,35006,2024-10-30,52174.95,314430
2024-09-16,35075,2024-09-25,52261.35,87134,2100240,35006,2024-10-30,52495.75,321180
2024-09-17,35075,2024-09-25,52295.6,68508,2023275,35006,2024-10-30,52523.4,356820
2024-09-18,35075,2024-09-25,52757.1,182153,1922625,35006,2024-10-30,52993.45,403665
2024-09-19,35075,2024-09-25,53177.55,134230,1939260,35006,2024-10-30,53432.9,457170
2024-09-20,35075,2024-09-25,53550.85,160981,1764210,35006,2024-10-30,53818.65,735075
2024-09-23,35075,2024-09-25,54072.3,112700,1479720,35006,2024-10-30,54330.5,1092990
2024-09-24,35075,2024-09-25,54026.3,91464,1244940,35006,2024-10-30,54302.95,1440930
2024-09-25,35075,2024-09-25,54102.05,103935,998655,35006,2024-10-30,54335.4,1810890
2024-09-26,35006,2024-10-30,54549.05,88195,1886670,35013,2024-11-27,54766.7,224160
2024-09-27,35006,2024-10-30,54220.0,108857,1829985,35013,2024-11-27,54476.25,256110
2024-09-30,35006,2024-10-30,53435.15,148007,1787790,35013,2024-11-27,53736.0,219840
2024-10-01,35006,2024-10-30,53381.2,116455,1954680,35013,2024-11-27,53689.8,205545
2024-10-03,35006,2024-10-30,52384.75,169999,2445285,35013,2024-11-27,52691.8,235410
2024-10-04,35006,2024-10-30,51871.45,185490,2603280,35013,2024-11-27,52164.15,256995
2024-10-07,35006,2024-10-30,51016.25,258293,3062655,35013,2024-11-27,51338.35,312735
2024-10-08,35006,2024-10-30,51392.5,130324,2964345,35013,2024-11-27,51704.3,334170
2024-10-09,35006,2024-10-30,51373.7,209682,3198270,35013,2024-11-27,51693.9,358755
2024-10-10,35006,2024-10-30,51780.95,95057,3088065,35013,2024-11-27,52076.6,354090
2024-10-11,35006,2024-10-30,51386.4,108197,3129000,35013,2024-11-27,51693.2,360540
2024-10-14,35006,2024-10-30,52042.75,118369,2904495,35013,2024-11-27,52326.7,370245
2024-10-15,35006,2024-10-30,52106.85,86912,2909475,35013,2024-11-27,52401.1,381045
2024-10-16,35006,2024-10-30,52042.65,77710,2891160,35013,2024-11-27,52340.7,387690
2024-10-17,35006,2024-10-30,51491.7,121128,2973525,35013,2024-11-27,51804.35,418125
2024-10-18,35006,2024-10-30,52310.4,170065,2562615,35013,2024-11-27,52585.8,446520
2024-10-21,35006,2024-10-30,52040.25,130574,2510640,35013,2024-11-27,52324.3,471780
2024-10-22,35006,2024-10-30,51434.8,141639,2594685,35013,2024-11-27,51746.15,515490
2024-10-23,35006,2024-10-30,51352.65,104977,2425560,35013,2024-11-27,51667.35,600105
2024-10-24,35006,2024-10-30,51605.75,127852,2214030,35013,2024-11-27,51951.3,671595
2024-10-25,35006,2024-10-30,50846.1,184374,2048175,35013,2024-11-27,51161.0,1074165
2024-10-28,35006,2024-10-30,51327.35,149554,1882845,35013,2024-11-27,51629.55,1304760
2024-10-29,35006,2024-10-30,52294.05,161684,1375065,35013,2024-11-27,52628.3,1579800
2024-10-30,35006,2024-10-30,51798.6,120830,1087560,35013,2024-11-27,52260.0,2271675
2024-10-31,35013,2024-11-27,51954.4,126350,2619885,35025,2024-12-24,52301.4,209250
2024-11-01,35013,2024-11-27,51927.75,18318,2649435,35025,2024-12-24,52249.5,210525
2024-11-04,35013,2024-11-27,51552.05,108525,2720130,35025,2024-12-24,51867.1,238380
2024-11-05,35013,2024-11-27,52393.95,184707,2468025,35025,2024-12-24,52689.6,221205
2024-11-06,35013,2024-11-27,52650.35,111001,2538045,35025,2024-12-24,52948.05,218805
2024-11-07,35013,2024-11-27,52199.9,106324,2584665,35025,2024-12-24,52515.85,221910
2024-11-08,35013,2024-11-27,51788.55,109425,2654190,35025,2024-12-24,52106.75,240270
2024-11-11,35013,2024-11-27,52082.2,115376,2586315,35025,2024-12-24,52372.85,243840
2024-11-12,35013,2024-11-27,51373.85,149719,2970390,35025,2024-12-24,51694.5,290925
2024-11-13,35013,2024-11-27,50358.25,189435,2943030,35025,2024-12-24,50679.7,382635
2024-11-14,35013,2024-11-27,50296.95,117505,2873520,35025,2024-12-24,50608.35,412110
2024-11-18,35013,2024-11-27,50429.85,80215,2839335,35025,2024-12-24,50727.75,407295
2024-11-19,35013,2024-11-27,50590.9,148729,2682810,35025,2024-12-24,50889.8,409680
2024-11-21,35013,2024-11-27,50407.4,152552,2523690,35025,2024-12-24,50727.3,629745
2024-11-22,35013,2024-11-27,51082.35,157266,2388735,35025,2024-12-24,51401.1,806250
2024-11-25,35013,2024-11-27,52171.6,145077,1693575,35025,2024-12-24,52476.95,904770
2024-11-26,35013,2024-11-27,52218.7,89382,1275390,35025,2024-12-24,52510.4,1217430
2024-11-27,35013,2024-11-27,52305.2,113776,625500,35025,2024-12-24,52617.45,1872255
2024-11-28,35025,2024-12-24,52329.4,175228,2091000,35012,2025-01-30,52685.5,259410
2024-11-29,35025,2024-12-24,52364.45,101347,2220540,35012,2025-01-30,52709.15,272835
2024-12-02,35025,2024-12-24,52395.15,93566,2303055,35012,2025-01-30,52739.15,277725
2024-12-03,35025,2024-12-24,52868.85,121469,2237385,35012,2025-01-30,53216.45,279465
2024-12-04,35025,2024-12-24,53381.4,125056,2289660,35012,2025-01-30,53749.6,336615
2024-12-05,35025,2024-12-24,53674.65,150555,2182965,35012,2025-01-30,54054.0,353520
2024-12-06,35025,2024-12-24,53717.85,164776,2314635,35012,2025-01-30,54085.75,371325
2024-12-09,35025,2024-12-24,53531.0,93551,2347695,35012,2025-01-30,53914.95,376260
2024-12-10,35025,2024-12-24,53699.5,75641,2366925,35012,2025-01-30,54065.85,365625
2024-12-11,35025,2024-12-24,53558.6,80860,2371260,35012,2025-01-30,53949.1,371340
2024-12-12,35025,2024-12-24,53437.8,67447,2262465,35012,2025-01-30,53836.5,376995
2024-12-13,35025,2024-12-24,53625.8,229854,2183880,35012,2025-01-30,54006.15,341985
2024-12-16,35025,2024-12-24,53697.2,92670,2179680,35012,2025-01-30,54072.95,365685
2024-12-17,35025,2024-12-24,53015.75,146716,2195235,35012,2025-01-30,53433.35,435300
2024-12-18,35025,2024-12-24,52304.2,154894,2284140,35012,2025-01-30,52721.35,538200
2024-12-19,35025,2024-12-24,51749.7,117352,2196120,35012,2025-01-30,52165.5,768090
2024-12-20,35025,2024-12-24,50769.95,150836,2067165,35012,2025-01-30,51200.65,1061385
2024-12-23,35025,2024-12-24,51303.15,108558,1441560,35012,2025-01-30,51759.55,1487340
2024-12-24,35025,2024-12-24,51227.35,93150,1039575,35012,2025-01-30,51727.95,2013990
2024-12-26,35012,2025-01-30,51574.95,97345,2153670,35117,2025-02-27,51950.8,189960
2024-12-27,35012,2025-01-30,51724.3,70118,2081010,35117,2025-02-27,52072.3,185640
2024-12-30,35012,2025-01-30,51404.35,159811,2162400,35117,2025-02-27,51777.3,228810
2024-12-31,35012,2025-01-30,51286.15,67376,2252790,35117,2025-02-27,51651.65,236490
2025-01-01,35012,2025-01-30,51439.25,96417,2230875,35117,2025-02-27,51802.7,246390
2025-01-02,35012,2025-01-30,51860.2,95000,2259795,35117,2025-02-27,52212.75,264810
2025-01-03,35012,2025-01-30,51259.2,114256,2376705,35117,2025-02-27,51630.4,310290
2025-01-06,35012,2025-01-30,50163.1,153207,2441610,35117,2025-02-27,50523.6,411150
2025-01-07,35012,2025-01-30,50415.3,92665,2295525,35117,2025-02-27,50764.35,443190
2025-01-08,35012,2025-01-30,50095.4,124361,2350800,35117,2025-02-27,50456.25,505200
2025-01-09,35012,2025-01-30,49787.25,91860,2419500,35117,2025-02-27,50128.85,591660
2025-01-10,35012,2025-01-30,48886.4,142452,2564565,35117,2025-02-27,49248.0,677280
2025-01-13,35012,2025-01-30,48266.25,128422,2493870,35117,2025-02-27,48603.1,754350
2025-01-14,35012,2025-01-30,48971.05,118509,2399970,35117,2025-02-27,49320.75,741690
2025-01-15,35012,2025-01-30,48892.55,76499,2360430,35117,2025-02-27,49240.95,741120
2025-01-16,35012,2025-01-30,49443.95,101145,2379795,35117,2025-02-27,49781.5,763980
2025-01-17,35012,2025-01-30,48685.65,127070,2428485,35117,2025-02-27,49032.25,841860
2025-01-20,35012,2025-01-30,49512.9,131269,2384220,35117,2025-02-27,49820.8,867420
2025-01-21,35012,2025-01-30,48763.25,138774,2365770,35117,2025-02-27,49059.7,1127730
2025-01-22,35012,2025-01-30,48887.65,126251,2304795,35117,2025-02-27,49170.45,1267860
2025-01-23,35012,2025-01-30,48696.0,85814,2319075,35117,2025-02-27,49019.0,1327170
2025-01-24,35012,2025-01-30,48375.2,125560,2249550,35117,2025-02-27,48707.6,1441620
2025-01-27,35012,2025-01-30,48080.95,106697,2091780,35117,2025-02-27,48405.2,1736430
2025-01-28,35012,2025-01-30,48828.9,140393,1485525,35117,2025-02-27,49157.4,2029980
2025-01-29,35012,2025-01-30,49082.15,86619,1028565,35117,2025-02-27,49435.5,2393280
2025-01-30,35012,2025-01-30,49289.5,81853,827580,35117,2025-02-27,49686.5,2925030
2025-01-31,35117,2025-02-27,49862.0,67359,3110100,58958,2025-03-27,50224.3,244950
2025-02-03,35117,2025-02-27,49505.15,46971,3088260,58958,2025-03-27,49847.35,320790
2025-02-04,35117,2025-02-27,50315.55,80654,2712030,58958,2025-03-27,50643.4,328080
2025-02-05,35117,2025-02-27,50531.1,40211,2628150,58958,2025-03-27,50880.9,380610
2025-02-06,35117,2025-02-27,50608.7,38198,2569140,58958,2025-03-27,50948.45,424350
2025-02-07,35117,2025-02-27,50354.55,86067,2630310,58958,2025-03-27,50690.25,458430
2025-02-10,35117,2025-02-27,50234.15,39340,2696700,58958,2025-03-27,50552.65,526410
2025-02-11,35117,2025-02-27,49681.75,61370,3096000,58958,2025-03-27,50007.15,672750
2025-02-12,35117,2025-02-27,49716.5,73054,3018990,58958,2025-03-27,50006.0,706530
2025-02-13,35117,2025-02-27,49571.4,45524,3068430,58958,2025-03-27,49878.45,718140
2025-02-14,35117,2025-02-27,49334.55,59166,3178950,58958,2025-03-27,49627.25,833940
2025-02-17,35117,2025-02-27,49462.15,54674,3073830,58958,2025-03-27,49759.05,858570
2025-02-18,35117,2025-02-27,49208.05,42671,3102660,58958,2025-03-27,49507.8,887580
2025-02-19,35117,2025-02-27,49630.55,54515,3011760,58958,2025-03-27,49912.45,920040
2025-02-20,35117,2025-02-27,49473.3,31649,3007140,58958,2025-03-27,49756.3,1022970
2025-02-21,35117,2025-02-27,49031.4,57323,2919060,58958,2025-03-27,49316.15,1293060
2025-02-24,35117,2025-02-27,48793.9,52226,2272740,58958,2025-03-27,49068.85,1870230
2025-02-25,35117,2025-02-27,48723.45,36974,1857150,58958,2025-03-27,48992.75,2468340
2025-02-27,35117,2025-02-27,48785.5,55069,777840,58958,2025-03-27,49034.6,3311490
2025-02-28,58958,2025-03-27,48628.25,59175,3338130,54445,2025-04-24,48946.6,264810
2025-03-03,58958,2025-03-27,48396.0,46530,3328470,54445,2025-04-24,48719.45,404100
2025-03-04,58958,2025-03-27,48472.25,45280,3065280,54445,2025-04-24,48773.65,491100
2025-03-05,58958,2025-03-27,48714.7,39634,2995710,54445,2025-04-24,48997.8,575910
2025-03-06,58958,2025-03-27,48780.35,42657,2835930,54445,2025-04-24,49081.35,600240
2025-03-07,58958,2025-03-27,48680.15,44600,2843100,54445,2025-04-24,48971.4,602520
2025-03-10,58958,2025-03-27,48315.35,37278,2850570,54445,2025-04-24,48637.65,762510
2025-03-11,58958,2025-03-27,47999.5,44149,2999970,54445,2025-04-24,48309.6,814680
2025-03-12,58958,2025-03-27,48213.9,41308,2980740,54445,2025-04-24,48516.45,819480
2025-03-13,58958,2025-03-27,48160.2,34598,3016560,54445,2025-04-24,48445.9,823440
2025-03-17,58958,2025-03-27,48485.6,33843,3061650,54445,2025-04-24,48772.7,831420
2025-03-18,58958,2025-03-27,49422.4,63364,2977590,54445,2025-04-24,49695.85,888540
2025-03-19,58958,2025-03-27,49808.15,37698,2938260,54445,2025-04-24,50152.55,998730
2025-03-20,58958,2025-03-27,50097.1,37176,2764680,54445,2025-04-24,50426.2,1013340
2025-03-21,58958,2025-03-27,50593.75,44481,2491440,54445,2025-04-24,50943.7,1122030
2025-03-24,58958,2025-03-27,51753.9,59458,2114370,54445,2025-04-24,52058.45,1436700
2025-03-25,58958,2025-03-27,51665.2,53731,1734690,54445,2025-04-24,51984.75,1831560
2025-03-26,58958,2025-03-27,51273.45,51389,1346280,54445,2025-04-24,51602.85,2247300
2025-03-27,58958,2025-03-27,51591.9,34550,1056210,54445,2025-04-24,51907.6,2733780
2025-03-28,54445,2025-04-24,51840.85,54247,2692290,57130,2025-05-29,51995.25,806070
2025-04-01,54445,2025-04-24,51187.1,60343,2206620,57130,2025-05-29,51347.6,412890
2025-04-02,54445,2025-04-24,51581.15,38627,2207520,57130,2025-05-29,51718.9,353460
2025-04-03,54445,2025-04-24,51798.5,42901,2337750,57130,2025-05-29,51976.6,340830
2025-04-04,54445,2025-04-24,51593.55,56803,2284350,57130,2025-05-29,51764.05,413910
2025-04-07,54445,2025-04-24,50095.7,120819,2240220,57130,2025-05-29,50268.8,531930
2025-04-08,54445,2025-04-24,50768.2,61126,2137830,57130,2025-05-29,50935.35,565020
2025-04-09,54445,2025-04-24,50468.6,60477,2119560,57130,2025-05-29,50635.05,603780
2025-04-11,54445,2025-04-24,51162.05,52112,2173470,57130,2025-05-29,51312.7,593610
2025-04-15,54445,2025-04-24,52383.6,56464,2253510,57130,2025-05-29,52528.2,533100
2025-04-16,54445,2025-04-24,53082.8,48841,2228040,57130,2025-05-29,53232.4,483270
2025-04-17,54445,2025-04-24,54201.4,62681,2081970,57130,2025-05-29,54308.0,638640
2025-04-21,54445,2025-04-24,55293.8,70305,1822200,57130,2025-05-29,55475.4,1405530
2025-04-22,54445,2025-04-24,55576.8,48624,1614060,57130,2025-05-29,55760.0,1904160
2025-04-23,54445,2025-04-24,55400.6,45674,1230660,57130,2025-05-29,55557.0,2126910
2025-04-24,54445,2025-04-24,55233.6,33502,926640,57130,2025-05-29,55326.4,2600790
2025-04-25,57130,2025-05-29,54724.0,89453,2415090,56782,2025-06-26,54944.8,182400
2025-04-28,57130,2025-05-29,55671.2,57179,2460960,56782,2025-06-26,55856.0,200640
2025-04-29,57130,2025-05-29,55509.6,54521,2363700,56782,2025-06-26,55700.2,213330
2025-04-30,57130,2025-05-29,55241.8,42501,2294940,56782,2025-06-26,55454.4,214350
2025-05-02,57130,2025-05-29,55209.8,65202,2252070,56782,2025-06-26,55430.8,217650
2025-05-05,57130,2025-05-29,55080.6,41732,2177730,56782,2025-06-26,55309.8,219840
2025-05-06,57130,2025-05-29,54363.0,45488,2046930,56782,2025-06-26,54610.8,213990
2025-05-07,57130,2025-05-29,54671.0,57985,1891680,56782,2025-06-26,54902.0,215550
2025-05-08,57130,2025-05-29,54288.6,52104,1901730,56782,2025-06-26,54539.6,226680
2025-05-09,57130,2025-05-29,53732.0,55721,1800750,56782,2025-06-26,53985.8,219390
2025-05-12,57130,2025-05-29,55599.2,75749,1915170,56782,2025-06-26,55804.0,241290
2025-05-13,57130,2025-05-29,55089.0,52800,1770270,56782,2025-06-26,55312.2,241350
2025-05-14,57130,2025-05-29,54910.0,40926,1763820,56782,2025-06-26,55118.4,276990
2025-05-15,57130,2025-05-29,55399.6,56047,1815150,56782,2025-06-26,55602.4,342690
2025-05-16,57130,2025-05-29,55503.2,25350,1695210,56782,2025-06-26,55719.4,367470
2025-05-19,57130,2025-05-29,55514.8,36088,1720560,56782,2025-06-26,55731.4,424560
2025-05-20,57130,2025-05-29,55103.8,37922,1696140,56782,2025-06-26,55352.0,431700
2025-05-21,57130,2025-05-29,55142.0,46940,1682520,56782,2025-06-26,55415.4,441930
2025-05-22,57130,2025-05-29,55068.4,34146,1660380,56782,2025-06-26,55358.2,443340
2025-05-23,57130,2025-05-29,55495.6,41779,1623630,56782,2025-06-26,55754.4,448170
2025-05-26,57130,2025-05-29,55687.0,42682,1412910,56782,2025-06-26,55931.8,685650
2025-05-27,57130,2025-05-29,55472.6,66222,1072500,56782,2025-06-26,55775.0,1013130
2025-05-28,57130,2025-05-29,55445.6,36092,795360,56782,2025-06-26,55763.8,1402170
2025-05-29,57130,2025-05-29,55474.4,39949,495480,56782,2025-06-26,55869.8,1776540
2025-05-30,56782,2025-06-26,56076.4,44311,1842660,53213,2025-07-31,56206.2,136535
2025-06-02,56782,2025-06-26,56180.4,42984,1845000,53213,2025-07-31,56320.6,144655
2025-06-03,56782,2025-06-26,55931.0,46601,1953720,53213,2025-07-31,56088.2,153440
2025-06-04,56782,2025-06-26,55989.4,26486,1965600,53213,2025-07-31,56157.0,161560
2025-06-05,56782,2025-06-26,56044.4,33324,1953720,53213,2025-07-31,56211.2,171675
2025-06-06,56782,2025-06-26,56770.4,114560,2094960,53213,2025-07-31,56918.4,203420
2025-06-09,56782,2025-06-26,56999.2,31846,2073150,53213,2025-07-31,57169.4,222600
2025-06-10,56782,2025-06-26,56764.6,25761,2029680,53213,2025-07-31,56945.6,227570
2025-06-11,56782,2025-06-26,56648.6,30927,1999890,53213,2025-07-31,56840.6,233695
2025-06-12,56782,2025-06-26,56269.6,40249,1946940,53213,2025-07-31,56463.6,272055
2025-06-13,56782,2025-06-26,55614.4,39580,1955910,53213,2025-07-31,55813.6,312900
2025-06-16,56782,2025-06-26,56112.4,37155,1888980,53213,2025-07-31,56287.2,323715
2025-06-17,56782,2025-06-26,55780.8,23485,1871220,53213,2025-07-31,55981.6,344365
2025-06-18,56782,2025-06-26,55899.0,28478,1812390,53213,2025-07-31,56078.8,377265
2025-06-19,56782,2025-06-26,55655.0,26863,1764030,53213,2025-07-31,55855.0,394275
2025-06-20,56782,2025-06-26,56298.0,43531,1751070,53213,2025-07-31,56459.4,441105
2025-06-23,56782,2025-06-26,56097.8,45566,1444530,53213,2025-07-31,56256.8,710395
2025-06-24,56782,2025-06-26,56500.8,53118,1015830,53213,2025-07-31,56682.8,1076355
2025-06-25,56782,2025-06-26,56619.2,28159,847110,53213,2025-07-31,56787.4,1442665
2025-06-26,56782,2025-06-26,57217.2,43250,727290,53213,2025-07-31,57256.4,2099370
2025-06-27,53213,2025-07-31,57648.2,29206,2293830,64100,2025-08-28,57846.2,186480
2025-06-30,53213,2025-07-31,57553.6,23066,2291975,64100,2025-08-28,57782.6,188230
2025-07-01,53213,2025-07-31,57689.6,21934,2343145,64100,2025-08-28,57911.0,191415
2025-07-02,53213,2025-07-31,57317.0,34929,2148720,64100,2025-08-28,57518.2,206360
2025-07-03,53213,2025-07-31,57119.6,24415,2080855,64100,2025-08-28,57329.0,230615
2025-07-04,53213,2025-07-31,57293.8,24501,2006025,64100,2025-08-28,57498.6,249480
2025-07-07,53213,2025-07-31,57187.8,23820,2004450,64100,2025-08-28,57387.4,258685
2025-07-08,53213,2025-07-31,57454.0,23339,2050650,64100,2025-08-28,57634.4,268940
2025-07-09,53213,2025-07-31,57383.6,17515,2077425,64100,2025-08-28,57580.4,275800
2025-07-10,53213,2025-07-31,57171.6,23286,2004450,64100,2025-08-28,57369.0,285460
2025-07-11,53213,2025-07-31,56917.6,24205,2025135,64100,2025-08-28,57116.8,298200
2025-07-14,53213,2025-07-31,57002.6,20401,2054500,64100,2025-08-28,57183.6,317800
2025-07-15,53213,2025-07-31,57232.6,25623,2116695,64100,2025-08-28,57411.2,336350
2025-07-16,53213,2025-07-31,57265.2,20830,2139025,64100,2025-08-28,57429.2,357595
2025-07-17,53213,2025-07-31,56973.4,26336,2141125,64100,2025-08-28,57157.2,385665
2025-07-18,53213,2025-07-31,56415.6,38539,2243045,64100,2025-08-28,56600.2,466760
2025-07-21,53213,2025-07-31,56981.8,43816,2053135,64100,2025-08-28,57144.4,486500
2025-07-22,53213,2025-07-31,56804.6,23282,2026640,64100,2025-08-28,56970.8,499870
2025-07-23,53213,2025-07-31,57235.8,24679,1892730,64100,2025-08-28,57391.8,493745
2025-07-24,53213,2025-07-31,57117.6,24970,1819720,64100,2025-08-28,57278.2,473550
2025-07-25,53213,2025-07-31,56585.8,36492,1769250,64100,2025-08-28,56757.2,587300
2025-07-28,53213,2025-07-31,56179.0,28695,1600585,64100,2025-08-28,56353.4,801500
2025-07-29,53213,2025-07-31,56331.8,29399,1319535,64100,2025-08-28,56484.4,1093190
2025-07-30,53213,2025-07-31,56217.6,24767,1115870,64100,2025-08-28,56359.8,1385440
2025-07-31,53213,2025-07-31,55988.8,42990,552195,64100,2025-08-28,56194.0,1826265
2025-08-01,64100,2025-08-28,55794.2,32825,2117605,52995,2025-09-30,56084.6,140385
2025-08-04,64100,2025-08-28,55860.0,20466,2235730,52995,2025-09-30,56146.0,141435
2025-08-05,64100,2025-08-28,55539.2,27505,2651950,52995,2025-09-30,55817.4,153405
2025-08-06,64100,2025-08-28,55580.8,26196,2603125,52995,2025-09-30,55851.8,158970
2025-08-07,64100,2025-08-28,55757.6,33807,2603615,52995,2025-09-30,55990.4,171080
2025-08-08,64100,2025-08-28,55166.0,29086,2899995,52995,2025-09-30,55442.0,187775
2025-08-11,64100,2025-08-28,55540.0,27118,2793280,52995,2025-09-30,55822.0,190680
2025-08-12,64100,2025-08-28,55287.4,26407,2875705,52995,2025-09-30,55571.2,201775
2025-08-13,64100,2025-08-28,55433.2,18939,2920260,52995,2025-09-30,55723.6,208530
2025-08-14,64100,2025-08-28,55503.8,19496,2849175,52995,2025-09-30,55786.0,213290
2025-08-18,64100,2025-08-28,55862.8,38843,2667000,52995,2025-09-30,56169.6,262325
2025-08-19,64100,2025-08-28,55965.8,18408,2565850,52995,2025-09-30,56260.6,259140
2025-08-20,64100,2025-08-28,55815.6,15654,2608025,52995,2025-09-30,56121.6,284900
2025-08-21,64100,2025-08-28,55890.0,18617,2591190,52995,2025-09-30,56189.0,303345
2025-08-22,64100,2025-08-28,55270.6,31517,2682085,52995,2025-09-30,55584.6,473655
2025-08-25,64100,2025-08-28,55258.8,19685,2389450,52995,2025-09-30,55544.4,715820
2025-08-26,64100,2025-08-28,54525.6,43269,1473465,52995,2025-09-30,54827.0,1567335
2025-08-28,64100,2025-08-28,53813.4,57042,688590,52995,2025-09-30,54259.4,2752925
2025-08-29,52995,2025-09-30,54060.4,24140,2813090,52145,2025-10-28,54338.0,161980
2025-09-01,52995,2025-09-30,54370.0,20758,2823765,52145,2025-10-28,54644.2,173600
2025-09-02,52995,2025-09-30,54039.4,26370,2940805,52145,2025-10-28,54313.2,184520
2025-09-03,52995,2025-09-30,54373.6,26563,2856315,52145,2025-10-28,54641.6,185570
2025-09-04,52995,2025-09-30,54293.0,29843,2855545,52145,2025-10-28,54583.4,182630
2025-09-05,52995,2025-09-30,54364.6,27982,2814840,52145,2025-10-28,54650.8,186060
2025-09-08,52995,2025-09-30,54499.8,26463,2764335,52145,2025-10-28,54778.8,178500
2025-09-09,52995,2025-09-30,54468.4,15106,2795205,52145,2025-10-28,54744.8,191030
2025-09-10,52995,2025-09-30,54791.8,26912,2688700,52145,2025-10-28,55078.0,200970
2025-09-11,52995,2025-09-30,54875.0,17316,2582685,52145,2025-10-28,55147.6,202685
2025-09-12,52995,2025-09-30,55013.4,15627,2464035,52145,2025-10-28,55291.6,200970
2025-09-15,52995,2025-09-30,55113.6,13411,2442860,52145,2025-10-28,55402.2,200620
2025-09-16,52995,2025-09-30,55339.6,20418,2351930,52145,2025-10-28,55634.6,225505
2025-09-17,52995,2025-09-30,55699.8,27767,2192820,52145,2025-10-28,55991.6,247275
2025-09-18,52995,2025-09-30,55879.6,30044,2030105,52145,2025-10-28,56178.2,263935
2025-09-19,52995,2025-09-30,55654.4,22152,1985620,52145,2025-10-28,55955.0,301140
2025-09-22,52995,2025-09-30,55471.8,22311,1869805,52145,2025-10-28,55781.6,340305
2025-09-23,52995,2025-09-30,55723.8,23905,1905400,52145,2025-10-28,56024.4,388605
2025-09-24,52995,2025-09-30,55252.2,30937,1643950,52145,2025-10-28,55574.0,520590
2025-09-25,52995,2025-09-30,55152.2,25842,1590995,52145,2025-10-28,55457.0,762930
2025-09-26,52995,2025-09-30,54474.8,30823,1447425,52145,2025-10-28,54803.2,1164065
2025-09-29,52995,2025-09-30,54550.2,38606,852775,52145,2025-10-28,54885.4,1583085
2025-09-30,52995,2025-09-30,54634.4,26917,569310,52145,2025-10-28,55012.2,1872080
2025-10-01,52145,2025-10-28,55663.2,44406,1883385,37051,2025-11-25,55968.4,167020
2025-10-03,52145,2025-10-28,55854.2,18576,1917125,37051,2025-11-25,56152.2,162785
2025-10-06,52145,2025-10-28,56297.8,24044,1849260,37051,2025-11-25,56597.2,162015
2025-10-07,52145,2025-10-28,56468.6,25827,1742755,37051,2025-11-25,56769.6,165445
2025-10-08,52145,2025-10-28,56218.0,28320,1659455,37051,2025-11-25,56536.2,171640
2025-10-09,52145,2025-10-28,56413.2,20171,1681330,37051,2025-11-25,56714.8,172270
2025-10-10,52145,2025-10-28,56862.2,27098,1739640,37051,2025-11-25,57152.0,186165
2025-10-13,52145,2025-10-28,56856.2,19778,1749895,37051,2025-11-25,57151.6,186655
2025-10-14,52145,2025-10-28,56716.4,27628,1660225,37051,2025-11-25,57001.8,186025
2025-10-15,52145,2025-10-28,56987.2,21483,1694735,37051,2025-11-25,57274.6,197540
2025-10-16,52145,2025-10-28,57486.2,28823,1692985,37051,2025-11-25,57784.8,214900
2025-10-17,52145,2025-10-28,57757.2,36792,1628340,37051,2025-11-25,58057.6,241535
2025-10-20,52145,2025-10-28,58099.6,27975,1676255,37051,2025-11-25,58382.0,306425
2025-10-21,52145,2025-10-28,57960.0,6923,1644510,37051,2025-11-25,58283.4,313215
2025-10-23,52145,2025-10-28,58090.6,34807,1521485,37051,2025-11-25,58371.2,614985
2025-10-24,52145,2025-10-28,57703.2,34244,1289645,37051,2025-11-25,58000.8,842870
2025-10-27,52145,2025-10-28,58183.2,33813,924280,37051,2025-11-25,58501.6,1356075
2025-10-28,52145,2025-10-28,58183.6,31992,491715,37051,2025-11-25,58518.6,1772575
2025-10-29,37051,2025-11-25,58766.0,30828,1734985,49508,2025-12-30,59093.0,167125
2025-10-30,37051,2025-11-25,58425.6,20734,1685670,49508,2025-12-30,58778.0,174860
2025-10-31,37051,2025-11-25,58184.6,22954,1691445,49508,2025-12-30,58541.0,171185
2025-11-03,37051,2025-11-25,58404.4,22061,1759100,49508,2025-12-30,58752.6,170870
2025-11-04,37051,2025-11-25,58117.8,20404,1735755,49508,2025-12-30,58481.0,172970
2025-11-06,37051,2025-11-25,57886.8,19793,1846495,49508,2025-12-30,58254.0,168700
2025-11-07,37051,2025-11-25,58181.6,35200,1817095,49508,2025-12-30,58541.0,158550
2025-11-10,37051,2025-11-25,58252.2,16786,1962835,49508,2025-12-30,58612.6,158410
2025-11-11,37051,2025-11-25,58370.8,26278,1951460,49508,2025-12-30,58718.0,160020
2025-11-12,37051,2025-11-25,58523.2,22020,1880060,49508,2025-12-30,58867.6,165550
2025-11-13,37051,2025-11-25,58535.0,24277,1719270,49508,2025-12-30,58888.8,175140
2025-11-14,37051,2025-11-25,58644.4,27049,1707475,49508,2025-12-30,58985.4,175805
2025-11-17,37051,2025-11-25,59027.4,22119,1722945,49508,2025-12-30,59390.2,239715
2025-11-18,37051,2025-11-25,58974.6,17602,1698095,49508,2025-12-30,59338.0,282275
2025-11-19,37051,2025-11-25,59227.4,25284,1673315,49508,2025-12-30,59585.2,361200
2025-11-20,37051,2025-11-25,59399.0,19757,1609055,49508,2025-12-30,59759.0,498715
2025-11-21,37051,2025-11-25,58869.0,43670,1308930,49508,2025-12-30,59233.2,797335
2025-11-24,37051,2025-11-25,58871.8,28884,995750,49508,2025-12-30,59244.8,994245
2025-11-25,37051,2025-11-25,58811.4,24056,601475,49508,2025-12-30,59139.6,1326045
2025-11-26,49508,2025-12-30,59817.2,31423,1438675,49224,2026-01-27,60146.6,123870
2025-11-27,49508,2025-12-30,60031.8,26570,1537480,49224,2026-01-27,60359.2,136770
2025-11-28,49508,2025-12-30,60068.2,13779,1575245,49224,2026-01-27,60419.4,142530
2025-12-01,49508,2025-12-30,59914.0,27386,1519595,49224,2026-01-27,60293.6,153900
2025-12-02,49508,2025-12-30,59665.4,23836,1495655,49224,2026-01-27,60047.6,153030
2025-12-03,49508,2025-12-30,59737.0,34435,1547595,49224,2026-01-27,60090.0,160200
2025-12-04,49508,2025-12-30,59643.2,24761,1627080,49224,2026-01-27,60010.4,168060
2025-12-05,49508,2025-12-30,60055.6,42315,1483615,49224,2026-01-27,60394.2,169590
2025-12-08,49508,2025-12-30,59553.0,36437,1778280,49224,2026-01-27,59871.6,176700
2025-12-09,49508,2025-12-30,59528.4,26482,1753220,49224,2026-01-27,59863.0,185610
2025-12-10,49508,2025-12-30,59246.4,23157,1864730,49224,2026-01-27,59572.0,194490
2025-12-11,49508,2025-12-30,59496.2,27866,1745415,49224,2026-01-27,59821.6,206310
2025-12-12,49508,2025-12-30,59657.8,21019,1716085,49224,2026-01-27,59961.4,182550
2025-12-15,49508,2025-12-30,59678.0,19830,1707335,49224,2026-01-27,59984.8,186960
2025-12-16,49508,2025-12-30,59287.8,24773,1874075,49224,2026-01-27,59619.2,189000
2025-12-17,49508,2025-12-30,59146.8,18411,1844640,49224,2026-01-27,59496.2,206010
2025-12-18,49508,2025-12-30,59074.2,23338,1770160,49224,2026-01-27,59458.6,227070
2025-12-19,49508,2025-12-30,59231.4,16367,1676815,49224,2026-01-27,59615.2,276900
2025-12-22,49508,2025-12-30,59435.0,12202,1582770,49224,2026-01-27,59800.6,284040
2025-12-23,49508,2025-12-30,59407.6,10434,1529115,49224,2026-01-27,59793.2,305610
2025-12-24,49508,2025-12-30,59253.0,21034,1378860,49224,2026-01-27,59662.6,365550
2025-12-26,49508,2025-12-30,59065.8,18563,1014335,49224,2026-01-27,59439.4,622170
2025-12-29,49508,2025-12-30,58947.2,19166,673575,49224,2026-01-27,59342.4,880650
2025-12-30,49508,2025-12-30,59157.8,27798,362810,49224,2026-01-27,59586.2,1172340
2025-12-31,49224,2026-01-27,59883.6,29066,1248000,59175,2026-02-24,60222.6,85650
2026-01-01,49224,2026-01-27,59955.6,11804,1317210,59175,2026-02-24,60280.8,89580
2026-01-02,49224,2026-01-27,60341.0,23120,1379460,59175,2026-02-24,60691.2,101400
2026-01-05,49224,2026-01-27,60173.0,26602,1336980,59175,2026-02-24,60502.6,102630
2026-01-06,49224,2026-01-27,60312.8,17593,1436940,59175,2026-02-24,60636.6,108210
2026-01-07,49224,2026-01-27,60171.2,23503,1278960,59175,2026-02-24,60514.6,103950
2026-01-08,49224,2026-01-27,59885.2,26752,1173900,59175,2026-02-24,60241.4,105360
2026-01-09,49224,2026-01-27,59541.4,29037,1200600,59175,2026-02-24,59881.2,120510
2026-01-12,49224,2026-01-27,59730.4,31441,1260240,59175,2026-02-24,60070.6,142980
2026-01-13,49224,2026-01-27,59755.2,24419,1198560,59175,2026-02-24,60083.6,147810
2026-01-14,49224,2026-01-27,59780.6,20723,1215150,59175,2026-02-24,60108.2,146100
2026-01-16,49224,2026-01-27,60194.4,32619,1279290,59175,2026-02-24,60511.4,128940
2026-01-19,49224,2026-01-27,59891.4,23534,1159560,59175,2026-02-24,60233.0,154050
2026-01-20,49224,2026-01-27,59483.0,27500,1114230,59175,2026-02-24,59818.4,220920
2026-01-21,49224,2026-01-27,58855.8,43381,1126530,59175,2026-02-24,59201.6,382020
2026-01-22,49224,2026-01-27,59343.2,36475,924900,59175,2026-02-24,59627.6,567840
2026-01-23,49224,2026-01-27,58522.8,34892,817770,59175,2026-02-24,58829.4,970230
2026-01-27,49224,2026-01-27,59139.6,32463,547500,59175,2026-02-24,59629.6,1240290
2026-01-28,59175,2026-02-24,59866.4,32517,1332720,51701,2026-03-30,60243.8,108210
2026-01-29,59175,2026-02-24,60209.4,29830,1394730,51701,2026-03-30,60571.2,103950
2026-01-30,59175,2026-02-24,59908.6,27061,1332840,51701,2026-03-30,60295.8,111870
2026-02-02,59175,2026-02-24,58842.8,42303,1623030,51701,2026-03-30,59199.2,135270
2026-02-03,59175,2026-02-24,60210.0,73583,1371990,51701,2026-03-30,60538.8,116640
2026-02-04,59175,2026-02-24,60418.0,29164,1520010,51701,2026-03-30,60767.8,132900
2026-02-05,59175,2026-02-24,60254.8,16121,1452450,51701,2026-03-30,60606.2,129630
2026-02-06,59175,2026-02-24,60252.4,21667,1410480,51701,2026-03-30,60587.4,126300
2026-02-09,59175,2026-02-24,60728.0,27196,1624620,51701,2026-03-30,61068.2,145830
2026-02-10,59175,2026-02-24,60704.0,16545,1597260,51701,2026-03-30,61044.2,149850
2026-02-11,59175,2026-02-24,60809.0,15766,1590660,51701,2026-03-30,61152.0,151620
2026-02-12,59175,2026-02-24,60796.6,19658,1431000,51701,2026-03-30,61143.2,159570
2026-02-13,59175,2026-02-24,60320.6,24959,1258740,51701,2026-03-30,60702.4,150360
2026-02-16,59175,2026-02-24,60968.8,29522,1402680,51701,2026-03-30,61301.8,189870
2026-02-17,59175,2026-02-24,61112.8,19583,1431660,51701,2026-03-30,61471.6,267900
2026-02-18,59175,2026-02-24,61500.4,21428,1435200,51701,2026-03-30,61853.8,408990
2026-02-19,59175,2026-02-24,60716.6,33104,1138890,51701,2026-03-30,61100.6,550050
2026-02-20,59175,2026-02-24,61179.2,34258,868290,51701,2026-03-30,61545.8,854040
2026-02-23,59175,2026-02-24,61238.0,22715,696540,51701,2026-03-30,61608.8,1111710
2026-02-24,59175,2026-02-24,61049.8,25886,495570,51701,2026-03-30,61439.2,1335300
2026-02-25,51701,2026-03-30,61367.8,24389,1382580,66688,2026-04-28,61715.0,127830
2026-02-26,51701,2026-03-30,61501.0,16692,1368930,66688,2026-04-28,61835.6,136230
2026-02-27,51701,2026-03-30,60901.0,29843,1472580,66688,2026-04-28,61281.6,264930
2026-03-02,51701,2026-03-30,60213.6,46312,1556970,66688,2026-04-28,60517.6,306780
2026-03-04,51701,2026-03-30,59100.4,48140,1897200,66688,2026-04-28,59467.6,350280
2026-03-05,51701,2026-03-30,59375.2,41212,1950420,66688,2026-04-28,59740.4,353820
2026-03-06,51701,2026-03-30,58079.0,40058,2146950,66688,2026-04-28,58439.0,401100
2026-03-09,51701,2026-03-30,56318.6,59323,2313720,66688,2026-04-28,56653.4,430830
2026-03-10,51701,2026-03-30,57310.6,38169,2166600,66688,2026-04-28,57648.4,452130
2026-03-11,51701,2026-03-30,55929.8,45997,2268510,66688,2026-04-28,56325.0,517080
2026-03-12,51701,2026-03-30,55369.8,45144,2175660,66688,2026-04-28,55751.2,565020
2026-03-13,51701,2026-03-30,53922.8,50519,2258370,66688,2026-04-28,54296.4,609180
2026-03-16,51701,2026-03-30,54556.8,49032,2192430,66688,2026-04-28,54937.8,650460
2026-03-17,51701,2026-03-30,54994.6,35831,2154840,66688,2026-04-28,55365.0,664170
2026-03-18,51701,2026-03-30,55416.2,38122,2127390,66688,2026-04-28,55794.8,715770
2026-03-19,51701,2026-03-30,53603.8,56704,1991550,66688,2026-04-28,53950.4,800790
2026-03-20,51701,2026-03-30,53554.2,46277,1936980,66688,2026-04-28,53933.4,872190
2026-03-23,51701,2026-03-30,51496.0,42592,1907160,66688,2026-04-28,51850.6,991380
2026-03-24,51701,2026-03-30,52707.6,55612,1555470,66688,2026-04-28,53039.4,1144890
2026-03-25,51701,2026-03-30,53730.8,40122,1294980,66688,2026-04-28,54080.4,1305120
2026-03-27,51701,2026-03-30,52271.0,42741,1009110,66688,2026-04-28,52546.6,1800780
2026-03-30,51701,2026-03-30,50247.6,52748,506490,66688,2026-04-28,50631.2,2606670
2026-04-01,66688,2026-04-28,51784.6,50520,2393130,66068,2026-05-26,52048.6,306270
2026-04-02,66688,2026-04-28,51818.4,53488,2472210,66068,2026-05-26,52048.0,294420
2026-04-06,66688,2026-04-28,52896.2,38379,2385090,66068,2026-05-26,53119.8,318750
2026-04-07,66688,2026-04-28,52872.8,31719,2317920,66068,2026-05-26,53105.2,326400
2026-04-08,66688,2026-04-28,55928.0,52803,2114400,66068,2026-05-26,56149.8,323460
2026-04-09,66688,2026-04-28,55080.0,33787,2105550,66068,2026-05-26,55323.6,337410
2026-04-10,66688,2026-04-28,56077.2,34651,2084700,66068,2026-05-26,56294.0,339900
2026-04-13,66688,2026-04-28,55736.8,32848,2053920,66068,2026-05-26,55984.2,349830
2026-04-15,66688,2026-04-28,56418.8,27110,2135250,66068,2026-05-26,56673.0,411030
2026-04-16,66688,2026-04-28,56209.2,25081,2069340,66068,2026-05-26,56482.2,475710
2026-04-17,66688,2026-04-28,56666.8,20123,1980030,66068,2026-05-26,56928.8,528360
2026-04-20,66688,2026-04-28,56568.8,32080,1798770,66068,2026-05-26,56887.2,543720
2026-04-21,66688,2026-04-28,57374.0,23814,1777500,66068,2026-05-26,57672.8,540210
2026-04-22,66688,2026-04-28,57147.0,22477,1689870,66068,2026-05-26,57468.6,580200
2026-04-23,66688,2026-04-28,56344.2,28797,1548360,66068,2026-05-26,56618.4,773310
2026-04-24,66688,2026-04-28,56206.6,27295,1241610,66068,2026-05-26,56452.8,1056480
2026-04-27,66688,2026-04-28,56348.6,24879,857850,66068,2026-05-26,56607.6,1442820
2026-04-28,66688,2026-04-28,55427.6,22170,567990,66068,2026-05-26,55745.2,1912650
2026-04-29,66068,2026-05-26,55613.8,34155,1922880,62326,2026-06-30,55853.4,187650
2026-04-30,66068,2026-05-26,55195.2,31776,2006640,62326,2026-06-30,55376.8,214110
2026-05-04,66068,2026-05-26,55153.8,31146,2102490,62326,2026-06-30,55369.2,219930
2026-05-05,66068,2026-05-26,54808.0,28042,2189730,62326,2026-06-30,55005.0,246690
2026-05-06,66068,2026-05-26,56348.6,48711,2177550,62326,2026-06-30,56532.4,267060
2026-05-07,66068,2026-05-26,56291.2,27142,2182320,62326,2026-06-30,56480.4,272940
2026-05-08,66068,2026-05-26,55515.8,30080,2316570,62326,2026-06-30,55720.0,298020
2026-05-11,66068,2026-05-26,54599.8,29877,2304840,62326,2026-06-30,54833.0,317040
2026-05-12,66068,2026-05-26,53721.8,26731,2325360,62326,2026-06-30,53971.0,400530
2026-05-13,66068,2026-05-26,53613.8,29746,2332680,62326,2026-06-30,53827.0,423180
2026-05-14,66068,2026-05-26,54227.8,35583,2228640,62326,2026-06-30,54442.4,470940
2026-05-15,66068,2026-05-26,53842.4,25785,2184420,62326,2026-06-30,54074.8,516330
2026-05-18,66068,2026-05-26,53702.8,31704,2152050,62326,2026-06-30,53900.2,557460
2026-05-19,66068,2026-05-26,53501.8,21458,2129640,62326,2026-06-30,53701.4,625530
2026-05-20,66068,2026-05-26,53741.6,23495,2014830,62326,2026-06-30,53912.6,765420
2026-05-21,66068,2026-05-26,53530.8,33941,1779480,62326,2026-06-30,53734.0,1074600
2026-05-22,66068,2026-05-26,54237.2,38843,1468890,62326,2026-06-30,54433.4,1459020
2026-05-25,66068,2026-05-26,55431.4,32774,1148520,62326,2026-06-30,55647.2,1908090
2026-05-26,66068,2026-05-26,55090.8,24859,827490,62326,2026-06-30,55457.8,2413710
2026-05-27,62326,2026-06-30,55207.0,26066,2472300,61088,2026-07-28,55490.0,126120
2026-05-29,62326,2026-06-30,54760.0,40918,2533320,61088,2026-07-28,55059.2,137310
2026-06-01,62326,2026-06-30,53973.0,30941,2603820,61088,2026-07-28,54310.8,154080
2026-06-02,62326,2026-06-30,54148.0,36802,2526690,61088,2026-07-28,54443.2,163140
2026-06-03,62326,2026-06-30,54517.4,56683,2517750,61088,2026-07-28,54819.6,162810
2026-06-04,62326,2026-06-30,54616.6,26361,2481900,61088,2026-07-28,54909.2,167430
2026-06-05,62326,2026-06-30,54781.6,60395,2505960,61088,2026-07-28,55046.6,178740
2026-06-08,62326,2026-06-30,54242.0,27554,2475540,61088,2026-07-28,54555.2,184350
2026-06-09,62326,2026-06-30,55375.6,43926,2380410,61088,2026-07-28,55661.6,183450
2026-06-10,62326,2026-06-30,55200.4,46073,2397030,61088,2026-07-28,55469.8,188280
2026-06-11,62326,2026-06-30,55272.0,26028,2381160,61088,2026-07-28,55574.6,205290
2026-06-12,62326,2026-06-30,56872.4,38630,2395620,61088,2026-07-28,57159.0,221280
2026-06-15,62326,2026-06-30,57257.2,29297,2267070,61088,2026-07-28,57600.0,252300
2026-06-16,62326,2026-06-30,57322.4,15645,2176500,61088,2026-07-28,57656.0,256710
2026-06-17,62326,2026-06-30,57588.2,19612,2071980,61088,2026-07-28,57922.6,256740
2026-06-18,62326,2026-06-30,57996.0,22759,2100450,61088,2026-07-28,58325.2,266070
2026-06-19,62326,2026-06-30,57861.6,22673,2078610,61088,2026-07-28,58202.2,305670
2026-06-22,62326,2026-06-30,58011.4,16666,1929420,61088,2026-07-28,58366.4,334230
2026-06-23,62326,2026-06-30,57246.6,26009,1853580,61088,2026-07-28,57629.4,451890
2026-06-24,62326,2026-06-30,58187.2,38391,1641930,61088,2026-07-28,58547.2,799530
2026-06-25,62326,2026-06-30,58239.6,35071,1300230,61088,2026-07-28,58614.2,1255110
2026-06-29,62326,2026-06-30,57812.6,28215,1010040,61088,2026-07-28,58148.0,1721520
2026-06-30,62326,2026-06-30,57530.0,22701,696390,61088,2026-07-28,57991.2,2187780
