trade_date,front_instrument_id,front_expiry,front_close,front_settle,front_volume,front_oi,next_instrument_id,next_expiry,next_close,next_oi
2024-01-01,legacy:NIFTY:FUTIDX:2024-01-25,2024-01-25,21888.9,21888.9,109309,12621600,legacy:NIFTY:FUTIDX:2024-02-29,2024-02-29,22018.65,1020050
2024-01-02,legacy:NIFTY:FUTIDX:2024-01-25,2024-01-25,21756.75,21756.75,167847,11836050,legacy:NIFTY:FUTIDX:2024-02-29,2024-02-29,21896.35,1040750
2024-01-03,legacy:NIFTY:FUTIDX:2024-01-25,2024-01-25,21600.0,21600.0,135616,11837550,legacy:NIFTY:FUTIDX:2024-02-29,2024-02-29,21738.1,1071100
2024-01-04,legacy:NIFTY:FUTIDX:2024-01-25,2024-01-25,21785.95,21785.95,121774,11625050,legacy:NIFTY:FUTIDX:2024-02-29,2024-02-29,21914.2,1073150
2024-01-05,legacy:NIFTY:FUTIDX:2024-01-25,2024-01-25,21793.85,21793.85,135030,11861300,legacy:NIFTY:FUTIDX:2024-02-29,2024-02-29,21928.2,1122150
2024-01-08,legacy:NIFTY:FUTIDX:2024-01-25,2024-01-25,21579.55,21579.55,145034,11760350,legacy:NIFTY:FUTIDX:2024-02-29,2024-02-29,21718.3,1173550
2024-01-09,legacy:NIFTY:FUTIDX:2024-01-25,2024-01-25,21616.85,21616.85,158139,11713500,legacy:NIFTY:FUTIDX:2024-02-29,2024-02-29,21751.6,1182150
2024-01-10,legacy:NIFTY:FUTIDX:2024-01-25,2024-01-25,21709.1,21709.1,139789,11488300,legacy:NIFTY:FUTIDX:2024-02-29,2024-02-29,21843.45,1190500
2024-01-11,legacy:NIFTY:FUTIDX:2024-01-25,2024-01-25,21678.45,21678.45,113071,11717550,legacy:NIFTY:FUTIDX:2024-02-29,2024-02-29,21819.6,1263150
2024-01-12,legacy:NIFTY:FUTIDX:2024-01-25,2024-01-25,21947.0,21947.0,150912,11930100,legacy:NIFTY:FUTIDX:2024-02-29,2024-02-29,22089.3,1485750
2024-01-15,legacy:NIFTY:FUTIDX:2024-01-25,2024-01-25,22133.3,22133.3,103458,12384650,legacy:NIFTY:FUTIDX:2024-02-29,2024-02-29,22274.0,1695750
2024-01-16,legacy:NIFTY:FUTIDX:2024-01-25,2024-01-25,22029.5,22029.5,103215,12209500,legacy:NIFTY:FUTIDX:2024-02-29,2024-02-29,22175.9,1898250
2024-01-17,legacy:NIFTY:FUTIDX:2024-01-25,2024-01-25,21589.55,21589.55,229664,11165700,legacy:NIFTY:FUTIDX:2024-02-29,2024-02-29,21741.85,2028450
2024-01-18,legacy:NIFTY:FUTIDX:2024-01-25,2024-01-25,21527.45,21527.45,227826,11089750,legacy:NIFTY:FUTIDX:2024-02-29,2024-02-29,21675.8,3400150
2024-01-19,legacy:NIFTY:FUTIDX:2024-01-25,2024-01-25,21672.15,21672.15,125832,11172000,legacy:NIFTY:FUTIDX:2024-02-29,2024-02-29,21814.9,3470450
2024-01-23,legacy:NIFTY:FUTIDX:2024-01-25,2024-01-25,21194.25,21194.25,252641,7888100,legacy:NIFTY:FUTIDX:2024-02-29,2024-02-29,21352.3,6221650
2024-01-24,legacy:NIFTY:FUTIDX:2024-01-25,2024-01-25,21477.6,21477.6,213430,5285350,legacy:NIFTY:FUTIDX:2024-02-29,2024-02-29,21612.35,9188050
2024-01-25,legacy:NIFTY:FUTIDX:2024-01-25,2024-01-25,21325.45,21352.6,145154,2964250,legacy:NIFTY:FUTIDX:2024-02-29,2024-02-29,21488.55,12221400
2024-01-29,legacy:NIFTY:FUTIDX:2024-02-29,2024-02-29,21855.25,21855.25,181214,12390500,legacy:NIFTY:FUTIDX:2024-03-28,2024-03-28,21992.2,799600
2024-01-30,legacy:NIFTY:FUTIDX:2024-02-29,2024-02-29,21630.5,21630.5,163520,11254250,legacy:NIFTY:FUTIDX:2024-03-28,2024-03-28,21774.95,771850
2024-01-31,legacy:NIFTY:FUTIDX:2024-02-29,2024-02-29,21808.6,21808.6,146625,11246500,legacy:NIFTY:FUTIDX:2024-03-28,2024-03-28,21945.55,779050
2024-02-01,legacy:NIFTY:FUTIDX:2024-02-29,2024-02-29,21751.45,21751.45,180971,11341800,legacy:NIFTY:FUTIDX:2024-03-28,2024-03-28,21894.55,863250
2024-02-02,legacy:NIFTY:FUTIDX:2024-02-29,2024-02-29,21951.4,21951.4,236827,11806950,legacy:NIFTY:FUTIDX:2024-03-28,2024-03-28,22087.75,926900
2024-02-05,legacy:NIFTY:FUTIDX:2024-02-29,2024-02-29,21803.45,21803.45,158291,11792850,legacy:NIFTY:FUTIDX:2024-03-28,2024-03-28,21947.65,987900
2024-02-06,legacy:NIFTY:FUTIDX:2024-02-29,2024-02-29,21979.55,21979.55,129365,12047300,legacy:NIFTY:FUTIDX:2024-03-28,2024-03-28,22120.05,1072700
2024-02-07,legacy:NIFTY:FUTIDX:2024-02-29,2024-02-29,22003.7,22003.7,132898,12112800,legacy:NIFTY:FUTIDX:2024-03-28,2024-03-28,22146.0,1087350
2024-02-08,legacy:NIFTY:FUTIDX:2024-02-29,2024-02-29,21814.6,21814.6,218972,12291850,legacy:NIFTY:FUTIDX:2024-03-28,2024-03-28,21951.85,916050
2024-02-09,legacy:NIFTY:FUTIDX:2024-02-29,2024-02-29,21842.6,21842.6,151304,11684900,legacy:NIFTY:FUTIDX:2024-03-28,2024-03-28,21989.45,999400
2024-02-12,legacy:NIFTY:FUTIDX:2024-02-29,2024-02-29,21697.85,21697.85,134426,11851500,legacy:NIFTY:FUTIDX:2024-03-28,2024-03-28,21842.0,971800
2024-02-13,legacy:NIFTY:FUTIDX:2024-02-29,2024-02-29,21823.75,21823.75,138222,11995600,legacy:NIFTY:FUTIDX:2024-03-28,2024-03-28,21965.25,998700
2024-02-14,legacy:NIFTY:FUTIDX:2024-02-29,2024-02-29,21916.85,21916.85,185897,11818300,legacy:NIFTY:FUTIDX:2024-03-28,2024-03-28,22057.1,1061900
2024-02-15,legacy:NIFTY:FUTIDX:2024-02-29,2024-02-29,22005.05,22005.05,164763,11450650,legacy:NIFTY:FUTIDX:2024-03-28,2024-03-28,22149.6,1154950
2024-02-16,legacy:NIFTY:FUTIDX:2024-02-29,2024-02-29,22097.8,22097.8,108026,11613300,legacy:NIFTY:FUTIDX:2024-03-28,2024-03-28,22242.25,1246500
2024-02-19,legacy:NIFTY:FUTIDX:2024-02-29,2024-02-29,22171.4,22171.4,108926,11758800,legacy:NIFTY:FUTIDX:2024-03-28,2024-03-28,22312.05,1358900
2024-02-20,legacy:NIFTY:FUTIDX:2024-02-29,2024-02-29,22217.2,22217.2,117158,11361700,legacy:NIFTY:FUTIDX:2024-03-28,2024-03-28,22359.15,1436550
2024-02-21,legacy:NIFTY:FUTIDX:2024-02-29,2024-02-29,22070.15,22070.15,133217,11202450,legacy:NIFTY:FUTIDX:2024-03-28,2024-03-28,22211.8,1705400
2024-02-22,legacy:NIFTY:FUTIDX:2024-02-29,2024-02-29,22243.25,22243.25,206565,11136000,legacy:NIFTY:FUTIDX:2024-03-28,2024-03-28,22383.2,2543200
2024-02-23,legacy:NIFTY:FUTIDX:2024-02-29,2024-02-29,22228.85,22228.85,120520,10244650,legacy:NIFTY:FUTIDX:2024-03-28,2024-03-28,22374.3,3230400
2024-02-26,legacy:NIFTY:FUTIDX:2024-02-29,2024-02-29,22141.65,22141.65,119614,9139950,legacy:NIFTY:FUTIDX:2024-03-28,2024-03-28,22291.8,4897600
2024-02-27,legacy:NIFTY:FUTIDX:2024-02-29,2024-02-29,22203.05,22203.05,123409,6818450,legacy:NIFTY:FUTIDX:2024-03-28,2024-03-28,22348.85,7524300
2024-02-28,legacy:NIFTY:FUTIDX:2024-02-29,2024-02-29,21921.35,21921.35,147189,5177850,legacy:NIFTY:FUTIDX:2024-03-28,2024-03-28,22075.7,9865850
2024-02-29,legacy:NIFTY:FUTIDX:2024-02-29,2024-02-29,21957.4,21982.8,143145,3670800,legacy:NIFTY:FUTIDX:2024-03-28,2024-03-28,22160.5,13081300
2024-03-01,legacy:NIFTY:FUTIDX:2024-03-28,2024-03-28,22443.2,22443.2,180557,12913500,legacy:NIFTY:FUTIDX:2024-04-25,2024-04-25,22579.2,1175300
2024-03-04,legacy:NIFTY:FUTIDX:2024-03-28,2024-03-28,22497.95,22497.95,75588,12709050,legacy:NIFTY:FUTIDX:2024-04-25,2024-04-25,22639.85,1384700
2024-03-05,legacy:NIFTY:FUTIDX:2024-03-28,2024-03-28,22433.25,22433.25,124564,12201950,legacy:NIFTY:FUTIDX:2024-04-25,2024-04-25,22580.95,1948700
2024-03-06,legacy:NIFTY:FUTIDX:2024-03-28,2024-03-28,22593.05,22593.05,187651,13337150,legacy:NIFTY:FUTIDX:2024-04-25,2024-04-25,22735.55,1903000
2024-03-07,legacy:NIFTY:FUTIDX:2024-03-28,2024-03-28,22552.35,22552.35,106179,12601650,legacy:NIFTY:FUTIDX:2024-04-25,2024-04-25,22692.6,1968900
2024-03-11,legacy:NIFTY:FUTIDX:2024-03-28,2024-03-28,22421.35,22421.35,124034,12054950,legacy:NIFTY:FUTIDX:2024-04-25,2024-04-25,22574.85,2126200
2024-03-12,legacy:NIFTY:FUTIDX:2024-03-28,2024-03-28,22447.05,22447.05,122450,12502600,legacy:NIFTY:FUTIDX:2024-04-25,2024-04-25,22601.45,2126850
2024-03-13,legacy:NIFTY:FUTIDX:2024-03-28,2024-03-28,22103.25,22103.25,229024,12175750,legacy:NIFTY:FUTIDX:2024-04-25,2024-04-25,22259.75,2220300
2024-03-14,legacy:NIFTY:FUTIDX:2024-03-28,2024-03-28,22264.55,22264.55,178685,12907650,legacy:NIFTY:FUTIDX:2024-04-25,2024-04-25,22421.8,2206600
2024-03-15,legacy:NIFTY:FUTIDX:2024-03-28,2024-03-28,22133.2,22133.2,179780,12552850,legacy:NIFTY:FUTIDX:2024-04-25,2024-04-25,22295.55,2386400
2024-03-18,legacy:NIFTY:FUTIDX:2024-03-28,2024-03-28,22135.45,22135.45,118534,12686550,legacy:NIFTY:FUTIDX:2024-04-25,2024-04-25,22298.25,2558250
2024-03-19,legacy:NIFTY:FUTIDX:2024-03-28,2024-03-28,21886.5,21886.5,152613,11935350,legacy:NIFTY:FUTIDX:2024-04-25,2024-04-25,22055.95,2834200
2024-03-20,legacy:NIFTY:FUTIDX:2024-03-28,2024-03-28,21910.05,21910.05,137718,11716850,legacy:NIFTY:FUTIDX:2024-04-25,2024-04-25,22076.15,3080100
2024-03-21,legacy:NIFTY:FUTIDX:2024-03-28,2024-03-28,22102.5,22102.5,133047,11460200,legacy:NIFTY:FUTIDX:2024-04-25,2024-04-25,22266.55,3399300
2024-03-22,legacy:NIFTY:FUTIDX:2024-03-28,2024-03-28,22165.45,22165.45,169540,10029700,legacy:NIFTY:FUTIDX:2024-04-25,2024-04-25,22335.35,4073150
2024-03-26,legacy:NIFTY:FUTIDX:2024-03-28,2024-03-28,22088.55,22088.55,131913,7819850,legacy:NIFTY:FUTIDX:2024-04-25,2024-04-25,22260.55,5931950
2024-03-27,legacy:NIFTY:FUTIDX:2024-03-28,2024-03-28,22167.05,22167.05,118439,6010850,legacy:NIFTY:FUTIDX:2024-04-25,2024-04-25,22331.8,8352800
2024-03-28,legacy:NIFTY:FUTIDX:2024-03-28,2024-03-28,22342.3,22326.9,163349,5298700,legacy:NIFTY:FUTIDX:2024-04-25,2024-04-25,22488.2,10663650
2024-04-01,legacy:NIFTY:FUTIDX:2024-04-25,2024-04-25,22602.6,22602.6,127526,9897250,legacy:NIFTY:FUTIDX:2024-05-30,2024-05-30,22739.0,826950
2024-04-02,legacy:NIFTY:FUTIDX:2024-04-25,2024-04-25,22577.5,22577.5,83787,10051250,legacy:NIFTY:FUTIDX:2024-05-30,2024-05-30,22719.3,810200
2024-04-03,legacy:NIFTY:FUTIDX:2024-04-25,2024-04-25,22542.6,22542.6,125588,10129250,legacy:NIFTY:FUTIDX:2024-05-30,2024-05-30,22685.7,828450
2024-04-04,legacy:NIFTY:FUTIDX:2024-04-25,2024-04-25,22612.25,22612.25,218360,9809350,legacy:NIFTY:FUTIDX:2024-05-30,2024-05-30,22755.3,929700
2024-04-05,legacy:NIFTY:FUTIDX:2024-04-25,2024-04-25,22595.5,22595.5,86817,9685800,legacy:NIFTY:FUTIDX:2024-05-30,2024-05-30,22728.2,951500
2024-04-08,legacy:NIFTY:FUTIDX:2024-04-25,2024-04-25,22748.5,22748.5,109833,10465700,legacy:NIFTY:FUTIDX:2024-05-30,2024-05-30,22879.85,1224800
2024-04-09,legacy:NIFTY:FUTIDX:2024-04-25,2024-04-25,22735.35,22735.35,114493,11419350,legacy:NIFTY:FUTIDX:2024-05-30,2024-05-30,22870.1,1311300
2024-04-10,legacy:NIFTY:FUTIDX:2024-04-25,2024-04-25,22812.4,22812.4,79696,11433350,legacy:NIFTY:FUTIDX:2024-05-30,2024-05-30,22944.0,1365150
2024-04-12,legacy:NIFTY:FUTIDX:2024-04-25,2024-04-25,22601.45,22601.45,170291,10886200,legacy:NIFTY:FUTIDX:2024-05-30,2024-05-30,22746.3,1680350
2024-04-15,legacy:NIFTY:FUTIDX:2024-04-25,2024-04-25,22357.3,22357.3,179625,11622900,legacy:NIFTY:FUTIDX:2024-05-30,2024-05-30,22510.9,2165200
2024-04-16,legacy:NIFTY:FUTIDX:2024-04-25,2024-04-25,22200.75,22200.75,157026,11034550,legacy:NIFTY:FUTIDX:2024-05-30,2024-05-30,22356.4,2395750
2024-04-18,legacy:NIFTY:FUTIDX:2024-04-25,2024-04-25,22055.2,22055.2,270313,11490050,legacy:NIFTY:FUTIDX:2024-05-30,2024-05-30,22206.1,3782500
2024-04-19,legacy:NIFTY:FUTIDX:2024-04-25,2024-04-25,22128.7,22128.7,248988,10340100,legacy:NIFTY:FUTIDX:2024-05-30,2024-05-30,22275.45,4520650
2024-04-22,legacy:NIFTY:FUTIDX:2024-04-25,2024-04-25,22358.2,22358.2,117528,9639250,legacy:NIFTY:FUTIDX:2024-05-30,2024-05-30,22496.55,5333650
2024-04-23,legacy:NIFTY:FUTIDX:2024-04-25,2024-04-25,22371.05,22371.05,97461,8797200,legacy:NIFTY:FUTIDX:2024-05-30,2024-05-30,22485.7,7013650
2024-04-24,legacy:NIFTY:FUTIDX:2024-04-25,2024-04-25,22414.7,22414.7,111041,7429650,legacy:NIFTY:FUTIDX:2024-05-30,2024-05-30,22509.75,8788750
2024-04-25,legacy:NIFTY:FUTIDX:2024-04-25,2024-04-25,22583.6,22570.35,189252,6649400,legacy:NIFTY:FUTIDX:2024-05-30,2024-05-30,22653.95,11448050
2024-04-26,legacy:NIFTY:FUTIDX:2024-05-30,2024-05-30,22556.0,22556.0,249718,10399450,legacy:NIFTY:FUTIDX:2024-06-27,2024-06-27,22667.05,1006550
2024-04-29,legacy:NIFTY:FUTIDX:2024-05-30,2024-05-30,22750.55,22750.55,230568,10735775,legacy:NIFTY:FUTIDX:2024-06-27,2024-06-27,22840.65,1021975
2024-04-30,legacy:NIFTY:FUTIDX:2024-05-30,2024-05-30,22718.3,22718.3,220124,10775525,legacy:NIFTY:FUTIDX:2024-06-27,2024-06-27,22818.5,1074675
2024-05-02,legacy:NIFTY:FUTIDX:2024-05-30,2024-05-30,22773.95,22773.95,192043,11047500,legacy:NIFTY:FUTIDX:2024-06-27,2024-06-27,22873.4,1066450
2024-05-03,legacy:NIFTY:FUTIDX:2024-05-30,2024-05-30,22575.2,22575.2,438242,10451150,legacy:NIFTY:FUTIDX:2024-06-27,2024-06-27,22688.3,1112100
2024-05-06,legacy:NIFTY:FUTIDX:2024-05-30,2024-05-30,22550.15,22550.15,239700,11047300,legacy:NIFTY:FUTIDX:2024-06-27,2024-06-27,22656.6,1167925
2024-05-07,legacy:NIFTY:FUTIDX:2024-05-30,2024-05-30,22381.8,22381.8,280721,10622675,legacy:NIFTY:FUTIDX:2024-06-27,2024-06-27,22494.05,1390950
2024-05-08,legacy:NIFTY:FUTIDX:2024-05-30,2024-05-30,22393.85,22393.85,299555,10746375,legacy:NIFTY:FUTIDX:2024-06-27,2024-06-27,22504.7,1746875
2024-05-09,legacy:NIFTY:FUTIDX:2024-05-30,2024-05-30,22075.8,22075.8,465931,12256875,legacy:NIFTY:FUTIDX:2024-06-27,2024-06-27,22189.4,2599475
2024-05-10,legacy:NIFTY:FUTIDX:2024-05-30,2024-05-30,22140.6,22140.6,286527,11804625,legacy:NIFTY:FUTIDX:2024-06-27,2024-06-27,22252.85,2873925
2024-05-13,legacy:NIFTY:FUTIDX:2024-05-30,2024-05-30,22201.1,22201.1,341795,11724000,legacy:NIFTY:FUTIDX:2024-06-27,2024-06-27,22311.9,3412325
2024-05-14,legacy:NIFTY:FUTIDX:2024-05-30,2024-05-30,22308.7,22308.7,266745,10830875,legacy:NIFTY:FUTIDX:2024-06-27,2024-06-27,22418.55,4053275
2024-05-15,legacy:NIFTY:FUTIDX:2024-05-30,2024-05-30,22287.05,22287.05,217207,10398075,legacy:NIFTY:FUTIDX:2024-06-27,2024-06-27,22390.35,4335225
2024-05-16,legacy:NIFTY:FUTIDX:2024-05-30,2024-05-30,22452.35,22452.35,554977,10119150,legacy:NIFTY:FUTIDX:2024-06-27,2024-06-27,22552.65,4845775
2024-05-17,legacy:NIFTY:FUTIDX:2024-05-30,2024-05-30,22497.7,22497.7,198597,9887375,legacy:NIFTY:FUTIDX:2024-06-27,2024-06-27,22602.45,5188500
2024-05-21,legacy:NIFTY:FUTIDX:2024-05-30,2024-05-30,22605.9,22605.9,185970,9859025,legacy:NIFTY:FUTIDX:2024-06-27,2024-06-27,22705.4,5404125
2024-05-22,legacy:NIFTY:FUTIDX:2024-05-30,2024-05-30,22657.95,22657.95,145086,9738225,legacy:NIFTY:FUTIDX:2024-06-27,2024-06-27,22754.1,5683425
2024-05-23,legacy:NIFTY:FUTIDX:2024-05-30,2024-05-30,23002.7,23002.7,412684,10240925,legacy:NIFTY:FUTIDX:2024-06-27,2024-06-27,23091.75,6056325
2024-05-24,legacy:NIFTY:FUTIDX:2024-05-30,2024-05-30,23019.6,23019.6,219961,10754950,legacy:NIFTY:FUTIDX:2024-06-27,2024-06-27,23109.15,6193900
2024-05-27,legacy:NIFTY:FUTIDX:2024-05-30,2024-05-30,22981.5,22981.5,231983,10203575,legacy:NIFTY:FUTIDX:2024-06-27,2024-06-27,23100.45,6276475
2024-05-28,legacy:NIFTY:FUTIDX:2024-05-30,2024-05-30,22937.25,22937.25,198257,8677300,legacy:NIFTY:FUTIDX:2024-06-27,2024-06-27,23044.0,7851000
2024-05-29,legacy:NIFTY:FUTIDX:2024-05-30,2024-05-30,22743.8,22743.8,280759,6942500,legacy:NIFTY:FUTIDX:2024-06-27,2024-06-27,22863.0,9320100
2024-05-30,legacy:NIFTY:FUTIDX:2024-05-30,2024-05-30,22482.5,22488.65,241362,5681950,legacy:NIFTY:FUTIDX:2024-06-27,2024-06-27,22627.35,13768950
2024-05-31,legacy:NIFTY:FUTIDX:2024-06-27,2024-06-27,22700.7,22700.7,525192,14892000,legacy:NIFTY:FUTIDX:2024-07-25,2024-07-25,22841.7,721850
2024-06-03,legacy:NIFTY:FUTIDX:2024-06-27,2024-06-27,23407.9,23407.9,561462,14389975,legacy:NIFTY:FUTIDX:2024-07-25,2024-07-25,23542.05,702250
2024-06-04,legacy:NIFTY:FUTIDX:2024-06-27,2024-06-27,21908.15,21908.15,1615661,14558300,legacy:NIFTY:FUTIDX:2024-07-25,2024-07-25,22063.0,956925
2024-06-05,legacy:NIFTY:FUTIDX:2024-06-27,2024-06-27,22642.9,22642.9,785272,12913025,legacy:NIFTY:FUTIDX:2024-07-25,2024-07-25,22783.3,930375
2024-06-06,legacy:NIFTY:FUTIDX:2024-06-27,2024-06-27,22899.5,22899.5,613773,13448750,legacy:NIFTY:FUTIDX:2024-07-25,2024-07-25,23033.1,988800
2024-06-07,legacy:NIFTY:FUTIDX:2024-06-27,2024-06-27,23325.15,23325.15,517101,13112825,legacy:NIFTY:FUTIDX:2024-07-25,2024-07-25,23444.6,1105975
2024-06-10,legacy:NIFTY:FUTIDX:2024-06-27,2024-06-27,23247.15,23247.15,310009,12253500,legacy:NIFTY:FUTIDX:2024-07-25,2024-07-25,23382.85,1182725
2024-06-11,legacy:NIFTY:FUTIDX:2024-06-27,2024-06-27,23309.8,23309.8,231449,12274125,legacy:NIFTY:FUTIDX:2024-07-25,2024-07-25,23439.65,1274100
2024-06-12,legacy:NIFTY:FUTIDX:2024-06-27,2024-06-27,23355.1,23355.1,236735,12369750,legacy:NIFTY:FUTIDX:2024-07-25,2024-07-25,23476.95,1785200
2024-06-13,legacy:NIFTY:FUTIDX:2024-06-27,2024-06-27,23399.25,23399.25,205751,12016200,legacy:NIFTY:FUTIDX:2024-07-25,2024-07-25,23521.4,1978650
2024-06-14,legacy:NIFTY:FUTIDX:2024-06-27,2024-06-27,23466.65,23466.65,181496,12093850,legacy:NIFTY:FUTIDX:2024-07-25,2024-07-25,23588.55,2317875
2024-06-18,legacy:NIFTY:FUTIDX:2024-06-27,2024-06-27,23568.1,23568.1,160903,12311450,legacy:NIFTY:FUTIDX:2024-07-25,2024-07-25,23688.55,2384475
2024-06-19,legacy:NIFTY:FUTIDX:2024-06-27,2024-06-27,23503.6,23503.6,312950,12276400,legacy:NIFTY:FUTIDX:2024-07-25,2024-07-25,23624.6,2528550
2024-06-20,legacy:NIFTY:FUTIDX:2024-06-27,2024-06-27,23582.5,23582.5,222217,12319175,legacy:NIFTY:FUTIDX:2024-07-25,2024-07-25,23700.3,2831075
2024-06-21,legacy:NIFTY:FUTIDX:2024-06-27,2024-06-27,23487.3,23487.3,301184,11693450,legacy:NIFTY:FUTIDX:2024-07-25,2024-07-25,23612.3,3038350
2024-06-24,legacy:NIFTY:FUTIDX:2024-06-27,2024-06-27,23543.2,23543.2,259606,10216175,legacy:NIFTY:FUTIDX:2024-07-25,2024-07-25,23669.8,4760075
2024-06-25,legacy:NIFTY:FUTIDX:2024-06-27,2024-06-27,23731.25,23731.25,254050,8921625,legacy:NIFTY:FUTIDX:2024-07-25,2024-07-25,23831.65,6805950
2024-06-26,legacy:NIFTY:FUTIDX:2024-06-27,2024-06-27,23867.95,23867.95,228932,6613600,legacy:NIFTY:FUTIDX:2024-07-25,2024-07-25,23972.5,9590650
2024-06-27,legacy:NIFTY:FUTIDX:2024-06-27,2024-06-27,24038.05,24044.5,306976,4717475,legacy:NIFTY:FUTIDX:2024-07-25,2024-07-25,24095.85,13928225
2024-06-28,legacy:NIFTY:FUTIDX:2024-07-25,2024-07-25,24132.25,24132.25,284644,14158500,legacy:NIFTY:FUTIDX:2024-08-29,2024-08-29,24236.0,1270650
2024-07-01,legacy:NIFTY:FUTIDX:2024-07-25,2024-07-25,24206.25,24206.25,163209,14590225,legacy:NIFTY:FUTIDX:2024-08-29,2024-08-29,24311.1,1319300
2024-07-02,legacy:NIFTY:FUTIDX:2024-07-25,2024-07-25,24203.15,24203.15,211888,14603925,legacy:NIFTY:FUTIDX:2024-08-29,2024-08-29,24319.05,1346250
2024-07-03,legacy:NIFTY:FUTIDX:2024-07-25,2024-07-25,24350.4,24350.4,210056,14480350,legacy:NIFTY:FUTIDX:2024-08-29,2024-08-29,24462.5,1353525
2024-07-04,legacy:NIFTY:FUTIDX:2024-07-25,2024-07-25,24359.45,24359.45,196993,14542525,legacy:NIFTY:FUTIDX:2024-08-29,2024-08-29,24471.0,1359575
2024-07-05,legacy:NIFTY:FUTIDX:2024-07-25,2024-07-25,24379.4,24379.4,230381,14171325,legacy:NIFTY:FUTIDX:2024-08-29,2024-08-29,24497.25,1387175
2024-07-08,35007,2024-07-25,24375.6,24375.6,130096,14239275,35415,2024-08-29,24493.35,1357450
2024-07-09,35007,2024-07-25,24485.65,24485.65,146868,14473150,35415,2024-08-29,24607.2,1351800
2024-07-10,35007,2024-07-25,24355.05,24355.05,310075,14068000,35415,2024-08-29,24480.5,1483225
2024-07-11,35007,2024-07-25,24382.65,24382.65,231355,13634150,35415,2024-08-29,24513.85,1584750
2024-07-12,35007,2024-07-25,24521.6,24521.6,260938,13910350,35415,2024-08-29,24643.0,1820075
2024-07-15,35007,2024-07-25,24621.7,24621.7,133595,14272525,35415,2024-08-29,24736.3,1971100
2024-07-16,35007,2024-07-25,24644.45,24644.45,130886,14351225,35415,2024-08-29,24757.25,2130500
2024-07-18,35007,2024-07-25,24809.05,24809.05,377529,15053775,35415,2024-08-29,24924.15,2770275
2024-07-19,35007,2024-07-25,24529.1,24529.1,320221,14118050,35415,2024-08-29,24657.2,3159475
2024-07-22,35007,2024-07-25,24509.1,24509.1,235289,13259600,35415,2024-08-29,24627.7,3738100
2024-07-23,35007,2024-07-25,24463.1,24463.1,535506,11628100,35415,2024-08-29,24582.45,4668725
2024-07-24,35007,2024-07-25,24388.75,24388.75,315393,9326225,35415,2024-08-29,24492.2,8403600
2024-07-25,35007,2024-07-25,24405.25,24406.1,322209,5990300,35415,2024-08-29,24455.4,13021850
2024-07-26,35415,2024-08-29,24915.45,24915.45,409727,14264000,35000,2024-09-26,25022.65,930950
2024-07-29,35415,2024-08-29,24910.45,24910.45,281192,14328600,35000,2024-09-26,25024.7,933300
2024-07-30,35415,2024-08-29,24929.1,24929.1,211184,14603500,35000,2024-09-26,25051.5,977250
2024-07-31,35415,2024-08-29,25013.15,25013.15,164889,15403300,35000,2024-09-26,25132.95,1019925
2024-08-01,35415,2024-08-29,25032.25,25032.25,229057,15668000,35000,2024-09-26,25147.6,1084175
2024-08-02,35415,2024-08-29,24711.55,24711.55,329256,15216625,35000,2024-09-26,24835.8,1060875
2024-08-05,35415,2024-08-29,24102.95,24102.95,713540,14664125,35000,2024-09-26,24231.15,1210125
2024-08-06,35415,2024-08-29,24056.9,24056.9,422172,13443675,35000,2024-09-26,24179.85,1285500
2024-08-07,35415,2024-08-29,24366.45,24366.45,331278,12736375,35000,2024-09-26,24499.25,1258150
2024-08-08,35415,2024-08-29,24136.55,24136.55,376292,12343075,35000,2024-09-26,24272.0,1435450
2024-08-09,35415,2024-08-29,24401.5,24401.5,260013,11709075,35000,2024-09-26,24529.4,1311825
2024-08-12,35415,2024-08-29,24356.8,24356.8,263966,11704100,35000,2024-09-26,24492.3,1366725
2024-08-13,35415,2024-08-29,24161.0,24161.0,227964,11998675,35000,2024-09-26,24292.2,1542400
2024-08-14,35415,2024-08-29,24174.65,24174.65,180341,11531500,35000,2024-09-26,24307.65,1559700
2024-08-16,35415,2024-08-29,24585.5,24585.5,381625,11295600,35000,2024-09-26,24707.75,1511475
2024-08-19,35415,2024-08-29,24595.75,24595.75,151933,10966725,35000,2024-09-26,24723.5,1568725
2024-08-20,35415,2024-08-29,24711.25,24711.25,150366,10772675,35000,2024-09-26,24841.15,1697150
2024-08-21,35415,2024-08-29,24798.15,24798.15,119193,10718300,35000,2024-09-26,24922.85,1906350
2024-08-22,35415,2024-08-29,24840.45,24840.45,132026,10556000,35000,2024-09-26,24966.25,2185975
2024-08-23,35415,2024-08-29,24854.0,24854.0,142487,10926300,35000,2024-09-26,24965.65,2309125
2024-08-26,35415,2024-08-29,25043.3,25043.3,206149,9749200,35000,2024-09-26,25165.5,3895625
2024-08-27,35415,2024-08-29,25017.7,25017.7,168667,8029675,35000,2024-09-26,25133.7,5876475
2024-08-28,35415,2024-08-29,25048.35,25048.35,214598,5837675,35000,2024-09-26,25161.6,8751350
2024-08-29,35415,2024-08-29,25169.9,25151.95,273109,4112850,35000,2024-09-26,25265.2,13244550
2024-08-30,35000,2024-09-26,25376.9,25376.9,222989,13936925,35382,2024-10-31,25498.45,1009025
2024-09-02,35000,2024-09-26,25340.45,25340.45,204112,14944100,35382,2024-10-31,25467.8,1070250
2024-09-03,35000,2024-09-26,25354.55,25354.55,129562,15058375,35382,2024-10-31,25481.95,1089100
2024-09-04,35000,2024-09-26,25247.8,25247.8,221796,15240000,35382,2024-10-31,25378.15,1085400
2024-09-05,35000,2024-09-26,25236.75,25236.75,156886,14884750,35382,2024-10-31,25372.8,1093775
2024-09-06,35000,2024-09-26,24906.0,24906.0,416285,14273075,35382,2024-10-31,25043.5,1165325
2024-09-09,35000,2024-09-26,24985.0,24985.0,213948,13714275,35382,2024-10-31,25113.5,1146025
2024-09-10,35000,2024-09-26,25083.0,25083.0,241055,13288750,35382,2024-10-31,25212.45,1137225
2024-09-11,35000,2024-09-26,24938.45,24938.45,196003,13313500,35382,2024-10-31,25069.55,1175150
2024-09-12,35000,2024-09-26,25356.3,25356.3,434264,14633650,35382,2024-10-31,25481.45,1459725
2024-09-13,35000,2024-09-26,25372.6,25372.6,174129,14401100,35382,2024-10-31,25495.15,1557475
2024-09-16,35000,2024-09-26,25442.75,25442.75,144290,13980850,35382,2024-10-31,25565.2,1617725
2024-09-17,35000,2024-09-26,25449.8,25449.8,109306,13710425,35382,2024-10-31,25571.65,1740425
2024-09-18,35000,2024-09-26,25396.1,25396.1,196272,13240225,35382,2024-10-31,25519.8,1853700
2024-09-19,35000,2024-09-26,25489.1,25489.1,303629,13029375,35382,2024-10-31,25611.75,2232550
2024-09-20,35000,2024-09-26,25767.75,25767.75,488293,13765225,35382,2024-10-31,25887.4,3619325
2024-09-23,35000,2024-09-26,25917.85,25917.85,250164,11406150,35382,2024-10-31,26043.85,6232400
2024-09-24,35000,2024-09-26,25944.7,25944.7,225409,8977325,35382,2024-10-31,26081.35,9371550
2024-09-25,35000,2024-09-26,25998.2,25998.2,189802,6735350,35382,2024-10-31,26126.7,11447425
2024-09-26,35000,2024-09-26,26226.5,26216.05,254868,4633000,35382,2024-10-31,26308.85,16045125
2024-09-27,35382,2024-10-31,26345.15,26345.15,191859,16284375,35089,2024-11-28,26459.15,1178650
2024-09-30,35382,2024-10-31,25990.15,25990.15,327144,14902375,35089,2024-11-28,26123.8,1102750
2024-10-01,35382,2024-10-31,25969.25,25969.25,179617,14503875,35089,2024-11-28,26098.5,1107250
2024-10-03,35382,2024-10-31,25475.7,25475.7,469926,13342125,35089,2024-11-28,25623.5,1120700
2024-10-04,35382,2024-10-31,25173.85,25173.85,467477,13793250,35089,2024-11-28,25327.2,1222075
2024-10-07,35382,2024-10-31,24985.55,24985.55,392262,13832575,35089,2024-11-28,25126.85,1334250
2024-10-08,35382,2024-10-31,25131.65,25131.65,297545,14034225,35089,2024-11-28,25273.95,1401050
2024-10-09,35382,2024-10-31,25083.9,25083.9,306750,13848275,35089,2024-11-28,25230.4,1485450
2024-10-10,35382,2024-10-31,25117.9,25117.9,185127,14011025,35089,2024-11-28,25266.3,1564725
2024-10-11,35382,2024-10-31,25049.55,25049.55,129597,13816650,35089,2024-11-28,25189.3,1562800
2024-10-14,35382,2024-10-31,25221.5,25221.5,150489,13494750,35089,2024-11-28,25363.45,1538175
2024-10-15,35382,2024-10-31,25118.35,25118.35,158801,13604750,35089,2024-11-28,25265.55,1594925
2024-10-16,35382,2024-10-31,25048.8,25048.8,184760,13720100,35089,2024-11-28,25196.0,1629125
2024-10-17,35382,2024-10-31,24843.8,24843.8,193005,13530700,35089,2024-11-28,24985.05,1729375
2024-10-18,35382,2024-10-31,24949.15,24949.15,245356,13252475,35089,2024-11-28,25089.55,1804300
2024-10-21,35382,2024-10-31,24788.8,24788.8,199294,12901075,35089,2024-11-28,24924.7,1868575
2024-10-22,35382,2024-10-31,24538.3,24538.3,250170,13117600,35089,2024-11-28,24673.15,1958800
2024-10-23,35382,2024-10-31,24482.65,24482.65,209726,12892425,35089,2024-11-28,24619.55,2163925
2024-10-24,35382,2024-10-31,24452.0,24452.0,153868,12805675,35089,2024-11-28,24593.9,2399825
2024-10-25,35382,2024-10-31,24192.75,24192.75,282219,11990700,35089,2024-11-28,24333.3,2589000
2024-10-28,35382,2024-10-31,24348.45,24348.45,261156,10147750,35089,2024-11-28,24482.05,3694450
2024-10-29,35382,2024-10-31,24477.7,24477.7,259902,8352250,35089,2024-11-28,24612.3,5643625
2024-10-30,35382,2024-10-31,24371.05,24371.05,206009,6080175,35089,2024-11-28,24506.5,7817475
2024-10-31,35382,2024-10-31,24203.3,24205.35,210299,4318600,35089,2024-11-28,24388.3,10566025
2024-11-01,35089,2024-11-28,24383.65,24383.65,47411,10605825,35005,2024-12-26,24525.05,1055250
2024-11-04,35089,2024-11-28,24114.65,24114.65,317919,11149425,35005,2024-12-26,24263.4,1156025
2024-11-05,35089,2024-11-28,24295.45,24295.45,250616,11172925,35005,2024-12-26,24439.85,1200575
2024-11-06,35089,2024-11-28,24587.1,24587.1,306773,11105675,35005,2024-12-26,24734.9,1257375
2024-11-07,35089,2024-11-28,24300.5,24300.5,240452,11442325,35005,2024-12-26,24451.2,1383125
2024-11-08,35089,2024-11-28,24219.85,24219.85,197225,11303025,35005,2024-12-26,24374.7,1385000
2024-11-11,35089,2024-11-28,24226.3,24226.3,237651,11261950,35005,2024-12-26,24378.6,1396325
2024-11-12,35089,2024-11-28,23959.6,23959.6,210048,11685000,35005,2024-12-26,24114.35,1408125
2024-11-13,35089,2024-11-28,23658.55,23658.55,266439,12011200,35005,2024-12-26,23805.55,1541675
2024-11-14,35089,2024-11-28,23601.7,23601.7,226912,12259750,35005,2024-12-26,23745.2,1675400
2024-11-18,35089,2024-11-28,23513.95,23513.95,233489,12129400,35005,2024-12-26,23661.5,1819925
2024-11-19,35089,2024-11-28,23534.8,23534.8,292457,11496675,35005,2024-12-26,23686.05,1846400
2024-11-21,35089,2024-11-28,23348.7,23348.7,221101,11233175,35005,2024-12-26,23501.95,2199575
2024-11-22,35089,2024-11-28,23886.55,23886.55,422090,10009675,35005,2024-12-26,24022.9,2347125
2024-11-25,35089,2024-11-28,24273.5,24273.5,304051,9327400,35005,2024-12-26,24421.55,3238200
2024-11-26,35089,2024-11-28,24217.1,24217.1,186502,7996775,35005,2024-12-26,24356.9,4271150
2024-11-27,35089,2024-11-28,24299.55,24299.55,212260,6214400,35005,2024-12-26,24437.55,7013300
2024-11-28,35089,2024-11-28,23903.55,23914.15,348073,3354450,35005,2024-12-26,24115.25,11785675
2024-11-29,35005,2024-12-26,24304.15,24304.15,263296,11366750,35006,2025-01-30,24465.4,1074750
2024-12-02,35005,2024-12-26,24428.5,24428.5,229734,11790500,35006,2025-01-30,24585.1,1088225
2024-12-03,35005,2024-12-26,24547.0,24547.0,204483,11635275,35006,2025-01-30,24707.1,1098125
2024-12-04,35005,2024-12-26,24561.7,24561.7,237415,11551050,35006,2025-01-30,24721.8,1158050
2024-12-05,35005,2024-12-26,24764.35,24764.35,498720,11174400,35006,2025-01-30,24929.75,1182425
2024-12-06,35005,2024-12-26,24783.25,24783.25,175511,11357875,35006,2025-01-30,24951.1,1275150
2024-12-09,35005,2024-12-26,24694.6,24694.6,143604,11280775,35006,2025-01-30,24865.15,1304725
2024-12-10,35005,2024-12-26,24682.6,24682.6,161120,11231800,35006,2025-01-30,24856.65,1348950
2024-12-11,35005,2024-12-26,24734.9,24734.9,156896,11148225,35006,2025-01-30,24909.75,1397525
2024-12-12,35005,2024-12-26,24648.55,24648.55,141665,11115625,35006,2025-01-30,24829.3,1456100
2024-12-13,35005,2024-12-26,24830.75,24830.75,476778,10856375,35006,2025-01-30,25006.7,1483375
2024-12-16,35005,2024-12-26,24738.5,24738.5,184270,10877125,35006,2025-01-30,24921.55,1603100
2024-12-17,35005,2024-12-26,24417.65,24417.65,317746,11065525,35006,2025-01-30,24608.2,1923075
2024-12-18,35005,2024-12-26,24257.35,24257.35,222484,10948275,35006,2025-01-30,24441.2,2174275
2024-12-19,35005,2024-12-26,24018.8,24018.8,193063,10735200,35006,2025-01-30,24204.45,2625675
2024-12-20,35005,2024-12-26,23625.65,23625.65,309504,10499150,35006,2025-01-30,23793.4,3516200
2024-12-23,35005,2024-12-26,23769.75,23769.75,231423,9217925,35006,2025-01-30,23941.5,4440425
2024-12-24,35005,2024-12-26,23770.6,23770.6,247554,5721775,35006,2025-01-30,23929.25,7838200
2024-12-26,35005,2024-12-26,23748.7,23750.2,215926,3477450,35006,2025-01-30,23919.75,11162750
2024-12-27,35006,2025-01-30,23992.65,23992.65,197296,11695250,35013,2025-02-27,24132.6,941700
2024-12-30,35006,2025-01-30,23816.7,23816.7,229984,12373500,35013,2025-02-27,23962.3,981900
2024-12-31,35006,2025-01-30,23805.85,23805.85,206098,13291200,35013,2025-02-27,23952.85,1022475
2025-01-01,35006,2025-01-30,23897.85,23897.85,175729,13270450,35013,2025-02-27,24039.75,1045725
2025-01-02,35006,2025-01-30,24282.65,24282.65,339021,12424650,35013,2025-02-27,24410.85,1093575
2025-01-03,35006,2025-01-30,24092.4,24092.4,262004,12608625,35013,2025-02-27,24234.15,1084650
2025-01-06,35006,2025-01-30,23721.05,23721.05,381394,12439200,35013,2025-02-27,23857.35,1062075
2025-01-07,35006,2025-01-30,23795.05,23795.05,170033,12651100,35013,2025-02-27,23934.4,1104225
2025-01-08,35006,2025-01-30,23781.35,23781.35,237903,12927575,35013,2025-02-27,23922.9,1231575
2025-01-09,35006,2025-01-30,23648.1,23648.1,182951,13641200,35013,2025-02-27,23789.3,1442700
2025-01-10,35006,2025-01-30,23500.65,23500.65,261703,13543325,35013,2025-02-27,23640.15,1833600
2025-01-13,35006,2025-01-30,23162.1,23162.1,278782,13866925,35013,2025-02-27,23298.05,2335725
2025-01-14,35006,2025-01-30,23271.75,23271.75,194699,13753850,35013,2025-02-27,23399.6,2802150
2025-01-15,35006,2025-01-30,23265.9,23265.9,143790,13536300,35013,2025-02-27,23400.65,2906625
2025-01-16,35006,2025-01-30,23377.55,23377.55,171198,13500850,35013,2025-02-27,23508.65,3265050
2025-01-17,35006,2025-01-30,23267.2,23267.2,218388,14032150,35013,2025-02-27,23402.6,3522600
2025-01-20,35006,2025-01-30,23400.2,23400.2,163712,14133750,35013,2025-02-27,23534.3,3653700
2025-01-21,35006,2025-01-30,23103.2,23103.2,388434,14572600,35013,2025-02-27,23235.9,4345575
2025-01-22,35006,2025-01-30,23198.95,23198.95,211777,14085325,35013,2025-02-27,23331.3,4927200
2025-01-23,35006,2025-01-30,23263.7,23263.7,161222,13637050,35013,2025-02-27,23394.3,5358825
2025-01-24,35006,2025-01-30,23113.9,23113.9,275484,13209950,35013,2025-02-27,23246.65,5896575
2025-01-27,35006,2025-01-30,22846.45,22846.45,241956,11804150,35013,2025-02-27,22968.4,7708275
2025-01-28,35006,2025-01-30,22977.7,22977.7,323967,8969500,35013,2025-02-27,23101.25,11127525
2025-01-29,35006,2025-01-30,23148.25,23148.25,298123,6367950,35013,2025-02-27,23279.35,13918125
2025-01-30,35006,2025-01-30,23235.1,23249.5,269241,4310725,35013,2025-02-27,23418.3,17296050
2025-01-31,35013,2025-02-27,23620.2,23620.2,88911,17774775,35001,2025-03-27,23765.15,851175
2025-02-03,35013,2025-02-27,23442.75,23442.75,83636,17125575,35001,2025-03-27,23581.25,862950
2025-02-04,35013,2025-02-27,23785.4,23785.4,137005,16697400,35001,2025-03-27,23923.45,885900
2025-02-05,35013,2025-02-27,23772.6,23772.6,51116,16613175,35001,2025-03-27,23915.8,888975
2025-02-06,35013,2025-02-27,23688.9,23688.9,55302,16787400,35001,2025-03-27,23835.3,930525
2025-02-07,35013,2025-02-27,23614.95,23614.95,94840,16761000,35001,2025-03-27,23765.7,963300
2025-02-10,35013,2025-02-27,23459.15,23459.15,68065,17100975,35001,2025-03-27,23610.6,1041825
2025-02-11,35013,2025-02-27,23153.15,23153.15,87766,17240925,35001,2025-03-27,23293.8,1152825
2025-02-12,35013,2025-02-27,23123.85,23123.85,132065,17572200,35001,2025-03-27,23265.8,1292625
2025-02-13,35013,2025-02-27,23107.75,23107.75,82593,17272950,35001,2025-03-27,23242.2,1432575
2025-02-14,35013,2025-02-27,22995.65,22995.65,109312,17385600,35001,2025-03-27,23129.05,1659225
2025-02-17,35013,2025-02-27,23026.4,23026.4,92954,17193300,35001,2025-03-27,23162.05,1804125
2025-02-18,35013,2025-02-27,22972.6,22972.6,73098,16780425,35001,2025-03-27,23101.35,2020050
2025-02-19,35013,2025-02-27,22964.5,22964.5,86464,16659825,35001,2025-03-27,23099.8,2306175
2025-02-20,35013,2025-02-27,22942.5,22942.5,54621,16391775,35001,2025-03-27,23083.35,2879400
2025-02-21,35013,2025-02-27,22822.6,22822.6,96195,15082500,35001,2025-03-27,22963.05,4159350
2025-02-24,35013,2025-02-27,22612.65,22612.65,106292,11660625,35001,2025-03-27,22744.55,8394450
2025-02-25,35013,2025-02-27,22582.15,22582.15,94896,7711800,35001,2025-03-27,22716.2,12197550
2025-02-27,35013,2025-02-27,22547.75,22545.05,96679,3467625,35001,2025-03-27,22683.65,16756425
2025-02-28,35001,2025-03-27,22280.05,22280.05,122445,17905950,54452,2025-04-24,22431.45,991950
2025-03-03,35001,2025-03-27,22259.8,22259.8,89291,17949600,54452,2025-04-24,22406.8,1123500
2025-03-04,35001,2025-03-27,22191.05,22191.05,63149,18198750,54452,2025-04-24,22334.85,1217700
2025-03-05,35001,2025-03-27,22441.35,22441.35,82566,17827425,54452,2025-04-24,22590.2,1429800
2025-03-06,35001,2025-03-27,22620.95,22620.95,117025,18106275,54452,2025-04-24,22763.85,1409925
2025-03-07,35001,2025-03-27,22649.95,22649.95,75660,18054525,54452,2025-04-24,22797.3,1467000
2025-03-10,35001,2025-03-27,22515.65,22515.65,69156,17677275,54452,2025-04-24,22662.3,1496550
2025-03-11,35001,2025-03-27,22564.3,22564.3,75200,17580075,54452,2025-04-24,22707.25,1580475
2025-03-12,35001,2025-03-27,22530.35,22530.35,78142,17460150,54452,2025-04-24,22673.2,1668975
2025-03-13,35001,2025-03-27,22444.25,22444.25,65790,17564925,54452,2025-04-24,22591.1,1700400
2025-03-17,35001,2025-03-27,22584.3,22584.3,67599,17206125,54452,2025-04-24,22728.9,1783950
2025-03-18,35001,2025-03-27,22895.4,22895.4,89671,16764675,54452,2025-04-24,23031.6,2025075
2025-03-19,35001,2025-03-27,22972.95,22972.95,59079,16443750,54452,2025-04-24,23123.45,2344050
2025-03-20,35001,2025-03-27,23200.25,23200.25,103958,15414525,54452,2025-04-24,23346.5,2676525
2025-03-21,35001,2025-03-27,23379.85,23379.85,89048,14353050,54452,2025-04-24,23527.5,3040350
2025-03-24,35001,2025-03-27,23699.35,23699.35,94775,12926625,54452,2025-04-24,23844.15,4772325
2025-03-25,35001,2025-03-27,23705.35,23705.35,112607,11648400,54452,2025-04-24,23861.55,6784800
2025-03-26,35001,2025-03-27,23521.9,23521.9,110793,7067400,54452,2025-04-24,23681.45,9984900
2025-03-27,35001,2025-03-27,23593.6,23591.95,72007,4421475,54452,2025-04-24,23777.65,12423450
2025-03-28,54452,2025-04-24,23637.65,23637.65,97506,12560100,57133,2025-05-29,23765.45,1693200
2025-04-01,54452,2025-04-24,23321.4,23321.4,122621,12808425,57133,2025-05-29,23437.5,1450875
2025-04-02,54452,2025-04-24,23438.95,23438.95,64204,12604950,57133,2025-05-29,23550.75,1473975
2025-04-03,54452,2025-04-24,23325.95,23325.95,68519,13032300,57133,2025-05-29,23450.2,1470375
2025-04-04,54452,2025-04-24,22958.15,22958.15,108118,13654275,57133,2025-05-29,23079.8,1478550
2025-04-07,54452,2025-04-24,22263.8,22263.8,262265,13875975,57133,2025-05-29,22368.45,1586775
2025-04-08,54452,2025-04-24,22630.35,22630.35,156069,13430775,57133,2025-05-29,22744.35,1633125
2025-04-09,54452,2025-04-24,22479.65,22479.65,90619,13164825,57133,2025-05-29,22587.8,1730775
2025-04-11,54452,2025-04-24,22917.65,22917.65,120725,12919500,57133,2025-05-29,23027.1,1808700
2025-04-15,54452,2025-04-24,23340.9,23340.9,89235,12380700,57133,2025-05-29,23452.9,1913475
2025-04-16,54452,2025-04-24,23433.5,23433.5,71349,12106575,57133,2025-05-29,23545.8,2097225
2025-04-17,54452,2025-04-24,23851.3,23851.3,135421,11622975,57133,2025-05-29,23956.4,2715600
2025-04-21,54452,2025-04-24,24135.5,24135.5,77342,11051175,57133,2025-05-29,24268.3,3508125
2025-04-22,54452,2025-04-24,24169.0,24169.0,87218,8816400,57133,2025-05-29,24303.4,6043200
2025-04-23,54452,2025-04-24,24312.7,24312.7,99138,5549550,57133,2025-05-29,24448.7,9082350
2025-04-24,54452,2025-04-24,24245.7,24246.7,55201,3392175,57133,2025-05-29,24373.0,11503875
2025-04-25,57133,2025-05-29,24139.1,24139.1,168230,11736900,56785,2025-06-26,24243.4,1403025
2025-04-28,57133,2025-05-29,24452.8,24452.8,104248,12629700,56785,2025-06-26,24557.8,1484775
2025-04-29,57133,2025-05-29,24425.3,24425.3,79024,13070550,56785,2025-06-26,24527.1,1550100
2025-04-30,57133,2025-05-29,24418.4,24418.4,69406,13347750,56785,2025-06-26,24520.5,1583625
2025-05-02,57133,2025-05-29,24400.7,24400.7,159768,12934800,56785,2025-06-26,24507.3,1591725
2025-05-05,57133,2025-05-29,24553.7,24553.7,76211,13520250,56785,2025-06-26,24658.9,1657725
2025-05-06,57133,2025-05-29,24431.4,24431.4,65193,13527900,56785,2025-06-26,24535.4,1711350
2025-05-07,57133,2025-05-29,24461.4,24461.4,99826,13159275,56785,2025-06-26,24570.3,1738800
2025-05-08,57133,2025-05-29,24271.9,24271.9,113537,12776925,56785,2025-06-26,24362.6,1898850
2025-05-09,57133,2025-05-29,24065.5,24065.5,150829,12619800,56785,2025-06-26,24174.3,2057625
2025-05-12,57133,2025-05-29,25044.1,25044.1,156527,12644025,56785,2025-06-26,25150.8,2717475
2025-05-13,57133,2025-05-29,24640.2,24640.2,163428,12246525,56785,2025-06-26,24757.1,2921325
2025-05-14,57133,2025-05-29,24715.9,24715.9,87780,11632575,56785,2025-06-26,24830.9,2991600
2025-05-15,57133,2025-05-29,25078.7,25078.7,186214,12191025,56785,2025-06-26,25191.2,3400800
2025-05-16,57133,2025-05-29,25078.7,25078.7,62198,11973975,56785,2025-06-26,25191.6,3611400
2025-05-19,57133,2025-05-29,24976.4,24976.4,52956,11775375,56785,2025-06-26,25093.9,3729150
2025-05-20,57133,2025-05-29,24774.6,24774.6,96523,11175975,56785,2025-06-26,24873.1,5784750
2025-05-21,57133,2025-05-29,24832.2,24832.2,104176,10785750,56785,2025-06-26,24931.2,7192725
2025-05-22,57133,2025-05-29,24652.2,24652.2,113872,10423125,56785,2025-06-26,24758.0,7801050
2025-05-23,57133,2025-05-29,24879.9,24879.9,95920,10398000,56785,2025-06-26,24972.8,8199150
2025-05-26,57133,2025-05-29,25035.9,25035.9,75338,9418875,56785,2025-06-26,25127.7,9353700
2025-05-27,57133,2025-05-29,24862.6,24862.6,146382,7685625,56785,2025-06-26,24963.4,10191375
2025-05-28,57133,2025-05-29,24762.5,24762.5,78611,5931375,56785,2025-06-26,24860.7,12391350
2025-05-29,57133,2025-05-29,24814.2,24833.6,81101,3945300,56785,2025-06-26,24942.8,12683625
2025-05-30,56785,2025-06-26,24871.2,24871.2,69540,13020000,53216,2025-07-31,25002.6,2560950
2025-06-02,56785,2025-06-26,24826.3,24826.3,93083,12674100,53216,2025-07-31,24965.6,2828025
2025-06-03,56785,2025-06-26,24675.3,24675.3,105510,12731325,53216,2025-07-31,24816.2,3503250
2025-06-04,56785,2025-06-26,24729.4,24729.4,50960,12494550,53216,2025-07-31,24865.4,3963375
2025-06-05,56785,2025-06-26,24861.4,24861.4,106451,12317325,53216,2025-07-31,24999.1,4818150
2025-06-06,56785,2025-06-26,25096.3,25096.3,109889,12180600,53216,2025-07-31,25226.9,5003250
2025-06-09,56785,2025-06-26,25181.8,25181.8,45853,11925600,53216,2025-07-31,25316.6,5245950
2025-06-10,56785,2025-06-26,25160.6,25160.6,47136,11487600,53216,2025-07-31,25295.0,5335200
2025-06-11,56785,2025-06-26,25211.7,25211.7,62340,11403000,53216,2025-07-31,25342.4,5408250
2025-06-12,56785,2025-06-26,24937.4,24937.4,119427,11388075,53216,2025-07-31,25068.7,5735625
2025-06-13,56785,2025-06-26,24727.4,24727.4,89998,11825400,53216,2025-07-31,24856.8,5864700
2025-06-16,56785,2025-06-26,24996.2,24996.2,88980,11748900,53216,2025-07-31,25113.3,6054075
2025-06-17,56785,2025-06-26,24868.8,24868.8,60973,11568075,53216,2025-07-31,24985.4,6266775
2025-06-18,56785,2025-06-26,24826.9,24826.9,73489,11174250,53216,2025-07-31,24941.6,6371400
2025-06-19,56785,2025-06-26,24803.1,24803.1,55670,11068050,53216,2025-07-31,24915.5,6598050
2025-06-20,56785,2025-06-26,25111.7,25111.7,105046,10854000,53216,2025-07-31,25201.2,7210425
2025-06-23,56785,2025-06-26,24993.3,24993.3,110836,9159975,53216,2025-07-31,25102.3,8506425
2025-06-24,56785,2025-06-26,25071.7,25071.7,141676,7305300,53216,2025-07-31,25179.1,11100825
2025-06-25,56785,2025-06-26,25252.2,25252.2,72287,5420850,53216,2025-07-31,25350.2,13085475
2025-06-26,56785,2025-06-26,25551.0,25549.0,75945,4190625,53216,2025-07-31,25615.0,14836575
2025-06-27,53216,2025-07-31,25750.2,25750.2,61012,14899275,64103,2025-08-28,25859.1,1474425
2025-06-30,53216,2025-07-31,25614.2,25614.2,95102,14414550,64103,2025-08-28,25733.9,1586700
2025-07-01,53216,2025-07-31,25643.3,25643.3,45334,14546325,64103,2025-08-28,25756.9,1644375
2025-07-02,53216,2025-07-31,25546.1,25546.1,76242,14085450,64103,2025-08-28,25650.8,1716450
2025-07-03,53216,2025-07-31,25508.6,25508.6,89520,13701525,64103,2025-08-28,25615.0,1905150
2025-07-04,53216,2025-07-31,25540.1,25540.1,59309,13464600,64103,2025-08-28,25652.7,2096625
2025-07-07,53216,2025-07-31,25538.9,25538.9,41703,13276800,64103,2025-08-28,25650.3,2558025
2025-07-08,53216,2025-07-31,25611.9,25611.9,40247,13341975,64103,2025-08-28,25728.4,3161100
2025-07-09,53216,2025-07-31,25558.8,25558.8,46447,13456800,64103,2025-08-28,25667.5,3567825
2025-07-10,53216,2025-07-31,25421.9,25421.9,66223,13465950,64103,2025-08-28,25532.2,3754875
2025-07-11,53216,2025-07-31,25223.4,25223.4,73945,13451400,64103,2025-08-28,25327.5,3935925
2025-07-14,53216,2025-07-31,25167.5,25167.5,66379,13697325,64103,2025-08-28,25268.8,4445550
2025-07-15,53216,2025-07-31,25265.6,25265.6,54449,13659150,64103,2025-08-28,25367.7,4547100
2025-07-16,53216,2025-07-31,25245.8,25245.8,45817,13731975,64103,2025-08-28,25348.0,4659825
2025-07-17,53216,2025-07-31,25174.6,25174.6,53027,13825575,64103,2025-08-28,25274.8,4800825
2025-07-18,53216,2025-07-31,25032.3,25032.3,69868,13738800,64103,2025-08-28,25137.4,5044725
2025-07-21,53216,2025-07-31,25127.6,25127.6,56976,13284525,64103,2025-08-28,25226.7,5200425
2025-07-22,53216,2025-07-31,25093.9,25093.9,41323,13220850,64103,2025-08-28,25199.0,5337900
2025-07-23,53216,2025-07-31,25252.8,25252.8,51484,12754875,64103,2025-08-28,25354.2,5544075
2025-07-24,53216,2025-07-31,25095.4,25095.4,63223,12360525,64103,2025-08-28,25195.0,6479175
2025-07-25,53216,2025-07-31,24850.4,24850.4,69729,12162000,64103,2025-08-28,24942.5,7389450
2025-07-28,53216,2025-07-31,24710.2,24710.2,71260,11209875,64103,2025-08-28,24808.0,8551725
2025-07-29,53216,2025-07-31,24838.8,24838.8,84506,9140775,64103,2025-08-28,24934.7,10252125
2025-07-30,53216,2025-07-31,24869.3,24869.3,69353,6997125,64103,2025-08-28,24959.1,12571575
2025-07-31,53216,2025-07-31,24771.9,24768.35,81205,5278950,64103,2025-08-28,24871.6,15590625
2025-08-01,64103,2025-08-28,24627.2,24627.2,83419,16890450,53001,2025-09-30,24774.6,913725
2025-08-04,64103,2025-08-28,24793.1,24793.1,57820,16496700,53001,2025-09-30,24928.6,905475
2025-08-05,64103,2025-08-28,24707.8,24707.8,54138,16602675,53001,2025-09-30,24846.1,908925
2025-08-06,64103,2025-08-28,24634.9,24634.9,52800,16681725,53001,2025-09-30,24769.8,928350
2025-08-07,64103,2025-08-28,24673.4,24673.4,97916,16752675,53001,2025-09-30,24805.9,965700
2025-08-08,64103,2025-08-28,24441.1,24441.1,79655,17244675,53001,2025-09-30,24576.8,1035675
2025-08-11,64103,2025-08-28,24627.9,24627.9,63544,16920750,53001,2025-09-30,24755.5,1043925
2025-08-12,64103,2025-08-28,24554.9,24554.9,83389,17018250,53001,2025-09-30,24691.9,1071375
2025-08-13,64103,2025-08-28,24712.2,24712.2,58314,16845375,53001,2025-09-30,24849.0,1189575
2025-08-14,64103,2025-08-28,24684.7,24684.7,50699,16733775,53001,2025-09-30,24822.5,1216350
2025-08-18,64103,2025-08-28,24966.8,24966.8,89126,16437225,53001,2025-09-30,25104.0,1403475
2025-08-19,64103,2025-08-28,25033.5,25033.5,47372,16231575,53001,2025-09-30,25174.6,1504725
2025-08-20,64103,2025-08-28,25083.3,25083.3,54455,15889275,53001,2025-09-30,25226.6,1781775
2025-08-21,64103,2025-08-28,25122.5,25122.5,55136,14993325,53001,2025-09-30,25260.3,2361525
2025-08-22,64103,2025-08-28,24898.2,24898.2,71849,14147475,53001,2025-09-30,25039.2,3073125
2025-08-25,64103,2025-08-28,24989.7,24989.7,97029,11033400,53001,2025-09-30,25122.8,6678675
2025-08-26,64103,2025-08-28,24731.5,24731.5,109864,6923325,53001,2025-09-30,24857.5,11407725
2025-08-28,64103,2025-08-28,24496.3,24500.9,93734,3311925,53001,2025-09-30,24651.7,16027050
2025-08-29,53001,2025-09-30,24568.5,24568.5,68731,16610100,52168,2025-10-28,24684.3,972525
2025-09-01,53001,2025-09-30,24748.0,24748.0,52140,16621050,52168,2025-10-28,24874.0,987375
2025-09-02,53001,2025-09-30,24691.8,24691.8,74911,16496325,52168,2025-10-28,24808.9,1030350
2025-09-03,53001,2025-09-30,24813.1,24813.1,56469,16501875,52168,2025-10-28,24933.0,1076850
2025-09-04,53001,2025-09-30,24827.5,24827.5,82951,16957875,52168,2025-10-28,24947.8,1133550
2025-09-05,53001,2025-09-30,24847.7,24847.7,73802,17097750,52168,2025-10-28,24964.5,1218375
2025-09-08,53001,2025-09-30,24892.7,24892.7,59664,16973250,52168,2025-10-28,25007.4,1253100
2025-09-09,53001,2025-09-30,24950.3,24950.3,37069,16931550,52168,2025-10-28,25065.3,1273650
2025-09-10,53001,2025-09-30,25072.3,25072.3,66128,17231025,52168,2025-10-28,25188.6,1303500
2025-09-11,53001,2025-09-30,25104.5,25104.5,28561,17062725,52168,2025-10-28,25222.1,1350450
2025-09-12,53001,2025-09-30,25205.0,25205.0,41583,16637775,52168,2025-10-28,25321.8,1439025
2025-09-15,53001,2025-09-30,25164.7,25164.7,34301,16654725,52168,2025-10-28,25284.0,1495725
2025-09-16,53001,2025-09-30,25331.4,25331.4,60109,16082100,52168,2025-10-28,25449.6,1587750
2025-09-17,53001,2025-09-30,25423.4,25423.4,44598,15695850,52168,2025-10-28,25540.0,1772700
2025-09-18,53001,2025-09-30,25510.9,25510.9,54004,15519900,52168,2025-10-28,25629.1,1943700
2025-09-19,53001,2025-09-30,25411.2,25411.2,62987,15007275,52168,2025-10-28,25534.5,2314575
2025-09-22,53001,2025-09-30,25277.7,25277.7,51252,14757825,52168,2025-10-28,25403.4,2633550
2025-09-23,53001,2025-09-30,25255.8,25255.8,62983,14358900,52168,2025-10-28,25383.3,2876775
2025-09-24,53001,2025-09-30,25111.9,25111.9,64471,14210700,52168,2025-10-28,25235.8,3687525
2025-09-25,53001,2025-09-30,24967.7,24967.7,77237,12505050,52168,2025-10-28,25093.7,6004500
2025-09-26,53001,2025-09-30,24689.9,24689.9,96914,9691950,52168,2025-10-28,24812.0,9768150
2025-09-29,53001,2025-09-30,24685.0,24685.0,95052,6130575,52168,2025-10-28,24809.2,14005500
2025-09-30,53001,2025-09-30,24612.0,24611.1,64496,3831600,52168,2025-10-28,24778.3,17107125
2025-10-01,52168,2025-10-28,24967.2,24967.2,76529,17259900,37054,2025-11-25,25093.6,1057050
2025-10-03,52168,2025-10-28,25006.6,25006.6,60919,18015450,37054,2025-11-25,25137.4,1069950
2025-10-06,52168,2025-10-28,25185.4,25185.4,73598,18296400,37054,2025-11-25,25314.2,1101375
2025-10-07,52168,2025-10-28,25225.3,25225.3,64467,18017475,37054,2025-11-25,25356.1,1105950
2025-10-08,52168,2025-10-28,25120.4,25120.4,73678,17699550,37054,2025-11-25,25247.7,1135800
2025-10-09,52168,2025-10-28,25273.8,25273.8,67283,17510175,37054,2025-11-25,25403.0,1147050
2025-10-10,52168,2025-10-28,25411.0,25411.0,58958,17289075,37054,2025-11-25,25540.1,1245375
2025-10-13,52168,2025-10-28,25309.3,25309.3,72042,17247225,37054,2025-11-25,25446.0,1328700
2025-10-14,52168,2025-10-28,25206.0,25206.0,91414,17773650,37054,2025-11-25,25334.9,1460250
2025-10-15,52168,2025-10-28,25424.8,25424.8,77119,17931750,37054,2025-11-25,25548.6,1920450
2025-10-16,52168,2025-10-28,25656.1,25656.1,83652,17756925,37054,2025-11-25,25786.4,2180925
2025-10-17,52168,2025-10-28,25757.8,25757.8,102562,16718400,37054,2025-11-25,25892.4,2352300
2025-10-20,52168,2025-10-28,25915.1,25915.1,73153,17353425,37054,2025-11-25,26046.3,2728650
2025-10-21,52168,2025-10-28,25906.3,25906.3,16378,17435700,37054,2025-11-25,26039.1,2768025
2025-10-23,52168,2025-10-28,25976.9,25976.9,111709,15719250,37054,2025-11-25,26109.7,3844350
2025-10-24,52168,2025-10-28,25814.8,25814.8,91660,12844650,37054,2025-11-25,25952.0,5634150
2025-10-27,52168,2025-10-28,26013.5,26013.5,102040,8375850,37054,2025-11-25,26168.4,10076025
2025-10-28,52168,2025-10-28,25922.4,25936.2,95613,4845750,37054,2025-11-25,26090.1,14262375
2025-10-29,37054,2025-11-25,26238.7,26238.7,81623,14784150,49543,2025-12-30,26411.2,928425
2025-10-30,37054,2025-11-25,26031.6,26031.6,84090,15791250,49543,2025-12-30,26218.1,1019775
2025-10-31,37054,2025-11-25,25905.5,25905.5,87970,16902225,49543,2025-12-30,26088.5,1109400
2025-11-03,37054,2025-11-25,25898.9,25898.9,64885,16784025,49543,2025-12-30,26085.2,1133625
2025-11-04,37054,2025-11-25,25708.3,25708.3,76225,17687175,49543,2025-12-30,25897.9,1209675
2025-11-06,37054,2025-11-25,25627.2,25627.2,60278,17669175,49543,2025-12-30,25807.1,1233675
2025-11-07,37054,2025-11-25,25589.2,25589.2,92173,18547500,49543,2025-12-30,25780.2,1364700
2025-11-10,37054,2025-11-25,25694.5,25694.5,48889,18529950,49543,2025-12-30,25882.9,1373250
2025-11-11,37054,2025-11-25,25811.4,25811.4,87556,18523050,49543,2025-12-30,25994.2,1410375
2025-11-12,37054,2025-11-25,25986.1,25986.1,70367,17753700,49543,2025-12-30,26164.0,1553100
2025-11-13,37054,2025-11-25,25953.8,25953.8,69068,17577300,49543,2025-12-30,26134.9,1660125
2025-11-14,37054,2025-11-25,25951.4,25951.4,107879,18342450,49543,2025-12-30,26137.8,1849275
2025-11-17,37054,2025-11-25,26060.1,26060.1,53526,18060375,49543,2025-12-30,26240.0,2064525
2025-11-18,37054,2025-11-25,25948.8,25948.8,68819,17610000,49543,2025-12-30,26134.3,2301075
2025-11-19,37054,2025-11-25,26071.0,26071.0,67533,16795500,49543,2025-12-30,26253.7,2542800
2025-11-20,37054,2025-11-25,26220.8,26220.8,88561,14612850,49543,2025-12-30,26411.9,4785750
2025-11-21,37054,2025-11-25,26077.5,26077.5,114909,12346875,49543,2025-12-30,26269.2,7686975
2025-11-24,37054,2025-11-25,25996.4,25996.4,97172,9271125,49543,2025-12-30,26170.7,11020500
2025-11-25,37054,2025-11-25,25886.8,25884.8,73501,6607875,49543,2025-12-30,26055.4,13689450
2025-11-26,49543,2025-12-30,26381.2,26381.2,97557,14001225,49229,2026-01-27,26527.3,868660
2025-11-27,49543,2025-12-30,26390.9,26390.9,65157,13814175,49229,2026-01-27,26548.7,888875
2025-11-28,49543,2025-12-30,26387.4,26387.4,40720,13619100,49229,2026-01-27,26550.1,915785
2025-12-01,49543,2025-12-30,26334.7,26334.7,65083,14077275,49229,2026-01-27,26503.1,926380
2025-12-02,49543,2025-12-30,26213.0,26213.0,67766,14568000,49229,2026-01-27,26388.7,997035
2025-12-03,49543,2025-12-30,26136.2,26136.2,73515,15189000,49229,2026-01-27,26302.6,1059045
2025-12-04,49543,2025-12-30,26186.5,26186.5,60874,15098475,49229,2026-01-27,26350.5,1069640
2025-12-05,49543,2025-12-30,26333.2,26333.2,78894,14727075,49229,2026-01-27,26493.1,1097850
2025-12-08,49543,2025-12-30,26064.7,26064.7,88146,15977700,49229,2026-01-27,26236.8,1171430
2025-12-09,49543,2025-12-30,25960.2,25960.2,90887,16474200,49229,2026-01-27,26131.2,1257490
2025-12-10,49543,2025-12-30,25863.9,25863.9,66432,16857150,49229,2026-01-27,26032.4,1314625
2025-12-11,49543,2025-12-30,26009.5,26009.5,74247,16285800,49229,2026-01-27,26170.0,1376050
2025-12-12,49543,2025-12-30,26145.4,26145.4,63960,16302825,49229,2026-01-27,26300.4,1399775
2025-12-15,49543,2025-12-30,26108.7,26108.7,60278,15875025,49229,2026-01-27,26268.7,1420055
2025-12-16,49543,2025-12-30,25940.7,25940.7,64790,16142550,49229,2026-01-27,26112.9,1501825
2025-12-17,49543,2025-12-30,25897.8,25897.8,48124,16414725,49229,2026-01-27,26061.8,1585935
2025-12-18,49543,2025-12-30,25880.6,25880.6,68189,16043025,49229,2026-01-27,26049.1,1644240
2025-12-19,49543,2025-12-30,26030.0,26030.0,62291,15160350,49229,2026-01-27,26190.0,1721785
2025-12-22,49543,2025-12-30,26197.9,26197.9,47797,14458500,49229,2026-01-27,26377.4,2054585
2025-12-23,49543,2025-12-30,26206.9,26206.9,41093,13633650,49229,2026-01-27,26392.8,2453230
2025-12-24,49543,2025-12-30,26173.1,26173.1,44130,12572700,49229,2026-01-27,26351.9,3225690
2025-12-26,49543,2025-12-30,26060.2,26060.2,79485,10364700,49229,2026-01-27,26234.5,5500625
2025-12-29,49543,2025-12-30,25957.2,25957.2,86313,7395750,49229,2026-01-27,26121.3,9451585
2025-12-30,49543,2025-12-30,25936.8,25938.85,71715,5790000,49229,2026-01-27,26118.8,13958490
2025-12-31,49229,2026-01-27,26296.3,26296.3,72942,14026480,59182,2026-02-24,26438.0,1195610
2026-01-01,49229,2026-01-27,26290.4,26290.4,31319,14003665,59182,2026-02-24,26436.9,1206140
2026-01-02,49229,2026-01-27,26455.4,26455.4,64091,13702000,59182,2026-02-24,26591.5,1235845
2026-01-05,49229,2026-01-27,26331.3,26331.3,79485,13845715,59182,2026-02-24,26477.2,1228370
2026-01-06,49229,2026-01-27,26285.1,26285.1,66623,14064115,59182,2026-02-24,26427.7,1289795
2026-01-07,49229,2026-01-27,26235.3,26235.3,54920,14074125,59182,2026-02-24,26381.7,1330680
2026-01-08,49229,2026-01-27,25985.6,25985.6,106366,16262220,59182,2026-02-24,26128.1,1544985
2026-01-09,49229,2026-01-27,25788.3,25788.3,89699,16876470,59182,2026-02-24,25933.6,1648660
2026-01-12,49229,2026-01-27,25876.0,25876.0,121833,16816150,59182,2026-02-24,26017.5,1697020
2026-01-13,49229,2026-01-27,25790.8,25790.8,87482,17029220,59182,2026-02-24,25927.3,1721005
2026-01-14,49229,2026-01-27,25719.0,25719.0,70661,17014660,59182,2026-02-24,25867.9,1757080
2026-01-16,49229,2026-01-27,25751.5,25751.5,92523,16567915,59182,2026-02-24,25894.7,1861405
2026-01-19,49229,2026-01-27,25596.0,25596.0,74717,16401840,59182,2026-02-24,25737.8,2170220
2026-01-20,49229,2026-01-27,25259.2,25259.2,98300,16492255,59182,2026-02-24,25397.9,2950675
2026-01-21,49229,2026-01-27,25178.2,25178.2,159433,14765855,59182,2026-02-24,25309.2,4531475
2026-01-22,49229,2026-01-27,25349.8,25349.8,161247,12272325,59182,2026-02-24,25464.7,7839845
2026-01-23,49229,2026-01-27,25079.8,25079.8,108546,9357075,59182,2026-02-24,25202.6,11744460
2026-01-27,49229,2026-01-27,25164.2,25175.4,106204,7205965,59182,2026-02-24,25382.6,16245710
2026-01-28,59182,2026-02-24,25450.4,25450.4,109147,16587545,51714,2026-03-30,25630.3,1227005
2026-01-29,59182,2026-02-24,25536.3,25536.3,138910,17826445,51714,2026-03-30,25707.1,1265420
2026-01-30,59182,2026-02-24,25416.4,25416.4,107050,18228535,51714,2026-03-30,25582.8,1297725
2026-02-02,59182,2026-02-24,25141.8,25141.8,142146,17403100,51714,2026-03-30,25297.4,1280045
2026-02-03,59182,2026-02-24,25817.1,25817.1,279420,15956460,51714,2026-03-30,25976.7,1163500
2026-02-04,59182,2026-02-24,25848.8,25848.8,76040,15480920,51714,2026-03-30,26013.1,1222715
2026-02-05,59182,2026-02-24,25725.0,25725.0,67076,15589145,51714,2026-03-30,25891.5,1250535
2026-02-06,59182,2026-02-24,25735.1,25735.1,84407,15948530,51714,2026-03-30,25891.9,1248325
2026-02-09,59182,2026-02-24,25915.4,25915.4,63621,15276105,51714,2026-03-30,26068.8,1264900
2026-02-10,59182,2026-02-24,25985.6,25985.6,59122,14998685,51714,2026-03-30,26138.7,1283815
2026-02-11,59182,2026-02-24,25994.2,25994.2,53098,15005055,51714,2026-03-30,26151.0,1302535
2026-02-12,59182,2026-02-24,25858.2,25858.2,60154,15296775,51714,2026-03-30,26025.3,1384565
2026-02-13,59182,2026-02-24,25518.8,25518.8,89362,16172325,51714,2026-03-30,25688.6,1610245
2026-02-16,59182,2026-02-24,25717.2,25717.2,64862,15585895,51714,2026-03-30,25879.0,1658605
2026-02-17,59182,2026-02-24,25739.4,25739.4,62849,15441920,51714,2026-03-30,25898.7,1763320
2026-02-18,59182,2026-02-24,25827.8,25827.8,58126,15080845,51714,2026-03-30,25984.0,2166450
2026-02-19,59182,2026-02-24,25446.0,25446.0,95076,14395420,51714,2026-03-30,25600.0,3284450
2026-02-20,59182,2026-02-24,25584.7,25584.7,106237,12334010,51714,2026-03-30,25742.6,5611580
2026-02-23,59182,2026-02-24,25705.2,25705.2,123117,9304620,51714,2026-03-30,25859.7,9842105
2026-02-24,59182,2026-02-24,25421.7,25424.65,88367,6647095,51714,2026-03-30,25600.3,13404495
2026-02-25,51714,2026-03-30,25628.8,25628.8,88662,12973155,66691,2026-04-28,25791.8,882440
2026-02-26,51714,2026-03-30,25635.8,25635.8,60088,13096200,66691,2026-04-28,25793.0,895895
2026-02-27,51714,2026-03-30,25338.6,25338.6,91968,14250990,66691,2026-04-28,25499.0,1374035
2026-03-02,51714,2026-03-30,24982.2,24982.2,140871,15020070,66691,2026-04-28,25140.2,1441180
2026-03-04,51714,2026-03-30,24584.7,24584.7,162303,15695355,66691,2026-04-28,24741.0,1547780
2026-03-05,51714,2026-03-30,24854.3,24854.3,117425,15464735,66691,2026-04-28,25010.0,1622920
2026-03-06,51714,2026-03-30,24545.7,24545.7,90182,15707705,66691,2026-04-28,24704.0,1749865
2026-03-09,51714,2026-03-30,24122.5,24122.5,175936,17452305,66691,2026-04-28,24285.8,1893645
2026-03-10,51714,2026-03-30,24393.6,24393.6,108385,17367675,66691,2026-04-28,24545.6,1964495
2026-03-11,51714,2026-03-30,23939.1,23939.1,122390,18077345,66691,2026-04-28,24102.1,2264535
2026-03-12,51714,2026-03-30,23728.5,23728.5,135571,18280860,66691,2026-04-28,23882.4,2377115
2026-03-13,51714,2026-03-30,23199.3,23199.3,179317,19964620,66691,2026-04-28,23352.7,2701335
2026-03-16,51714,2026-03-30,23429.2,23429.2,173398,18256420,66691,2026-04-28,23564.5,2845700
2026-03-17,51714,2026-03-30,23617.4,23617.4,116267,17790955,66691,2026-04-28,23767.4,2873065
2026-03-18,51714,2026-03-30,23776.4,23776.4,105231,17452955,66691,2026-04-28,23922.7,2855840
2026-03-19,51714,2026-03-30,23054.8,23054.8,143818,17114240,66691,2026-04-28,23198.4,3390920
2026-03-20,51714,2026-03-30,23140.5,23140.5,136932,17163185,66691,2026-04-28,23274.3,3933020
2026-03-23,51714,2026-03-30,22514.9,22514.9,134958,17082585,66691,2026-04-28,22648.2,4604275
2026-03-24,51714,2026-03-30,22928.4,22928.4,167027,15513875,66691,2026-04-28,23055.9,6119555
2026-03-25,51714,2026-03-30,23300.0,23300.0,142833,12988040,66691,2026-04-28,23427.2,8442655
2026-03-27,51714,2026-03-30,22816.6,22816.6,165268,9052485,66691,2026-04-28,22908.7,14345565
2026-03-30,51714,2026-03-30,22318.4,22331.4,120484,6638320,66691,2026-04-28,22426.2,20948395
2026-04-01,66691,2026-04-28,22800.1,22800.1,135316,20817420,66071,2026-05-26,22934.8,2027415
2026-04-02,66691,2026-04-28,22766.6,22766.6,134955,21429395,66071,2026-05-26,22904.2,2047760
2026-04-06,66691,2026-04-28,23057.0,23057.0,118660,21501935,66071,2026-05-26,23186.4,2224170
2026-04-07,66691,2026-04-28,23151.1,23151.1,111900,21563945,66071,2026-05-26,23283.5,2239770
2026-04-08,66691,2026-04-28,24057.8,24057.8,123136,20142655,66071,2026-05-26,24182.5,2097225
2026-04-09,66691,2026-04-28,23861.3,23861.3,88272,19774820,66071,2026-05-26,23989.1,2163655
2026-04-10,66691,2026-04-28,24101.0,24101.0,82816,18576935,66071,2026-05-26,24216.9,2163005
2026-04-13,66691,2026-04-28,23858.7,23858.7,83792,18687110,66071,2026-05-26,23988.8,2234440
2026-04-15,66691,2026-04-28,24237.7,24237.7,65116,17909580,66071,2026-05-26,24363.8,2357290
2026-04-16,66691,2026-04-28,24195.8,24195.8,68676,17452825,66071,2026-05-26,24328.2,2455375
2026-04-17,66691,2026-04-28,24368.0,24368.0,51675,17201665,66071,2026-05-26,24500.4,2466035
2026-04-20,66691,2026-04-28,24331.8,24331.8,68105,16736265,66071,2026-05-26,24471.3,2562625
2026-04-21,66691,2026-04-28,24584.5,24584.5,55496,16390010,66071,2026-05-26,24716.2,2583750
2026-04-22,66691,2026-04-28,24381.2,24381.2,50653,16216525,66071,2026-05-26,24510.4,3138460
2026-04-23,66691,2026-04-28,24163.0,24163.0,78541,14441440,66071,2026-05-26,24257.9,4801875
2026-04-24,66691,2026-04-28,23922.8,23922.8,86863,12326860,66071,2026-05-26,24027.0,7672340
2026-04-27,66691,2026-04-28,24120.1,24120.1,99579,8290425,66071,2026-05-26,24209.7,12089805
2026-04-28,66691,2026-04-28,23993.8,23995.7,55432,6282380,66071,2026-05-26,24069.0,14457495
2026-04-29,66071,2026-05-26,24252.0,24252.0,86529,14346475,62329,2026-06-30,24379.5,1298310
2026-04-30,66071,2026-05-26,24098.2,24098.2,95365,15229760,62329,2026-06-30,24210.6,1306175
2026-05-04,66071,2026-05-26,24206.0,24206.0,73551,15691520,62329,2026-06-30,24312.8,1465165
2026-05-05,66071,2026-05-26,24106.3,24106.3,64073,16049215,62329,2026-06-30,24215.1,1605890
2026-05-06,66071,2026-05-26,24447.4,24447.4,99426,16343340,62329,2026-06-30,24544.9,1758510
2026-05-07,66071,2026-05-26,24382.8,24382.8,66815,16814980,62329,2026-06-30,24491.7,1785615
2026-05-08,66071,2026-05-26,24234.6,24234.6,59877,17079075,62329,2026-06-30,24339.2,1841125
2026-05-11,66071,2026-05-26,23868.5,23868.5,73011,17771715,62329,2026-06-30,23974.6,2049710
2026-05-12,66071,2026-05-26,23424.7,23424.7,88624,19041295,62329,2026-06-30,23528.4,2417870
2026-05-13,66071,2026-05-26,23462.4,23462.4,73616,18454930,62329,2026-06-30,23571.9,2849210
2026-05-14,66071,2026-05-26,23700.1,23700.1,85264,17652960,62329,2026-06-30,23793.8,2949765
2026-05-15,66071,2026-05-26,23643.9,23643.9,79195,17040140,62329,2026-06-30,23739.8,3351790
2026-05-18,66071,2026-05-26,23658.0,23658.0,84680,16072355,62329,2026-06-30,23740.1,3602235
2026-05-19,66071,2026-05-26,23612.0,23612.0,51216,15932150,62329,2026-06-30,23701.2,3815435
2026-05-20,66071,2026-05-26,23668.5,23668.5,54642,15583295,62329,2026-06-30,23755.6,4240990
2026-05-21,66071,2026-05-26,23631.4,23631.4,77370,14484340,62329,2026-06-30,23726.8,6179810
2026-05-22,66071,2026-05-26,23744.0,23744.0,88798,11340810,62329,2026-06-30,23801.4,9080370
2026-05-25,66071,2026-05-26,24063.0,24063.0,75074,8368295,62329,2026-06-30,24106.4,11607895
